Address,Roads,SewerTransmission,SewerCapacity,Parks,Stormwater,OpenSpace,PLAT,RES
1021 Squirrel Nest Lane,3716.14,1066.25,907.54,1160.13,1605.61,217.78,R-767,SWR RES281-2002; NSWR RES365-2006
1025 Squirrel Nest Lane,3716.14,1066.25,907.54,1160.13,1605.61,217.78,R-767,SWR RES281-2002; NSWR RES365-2006
1029 Squirrel Nest Lane,3716.14,1066.25,907.54,1160.13,1605.61,217.78,R-767,SWR RES281-2002; NSWR RES365-2006
1033 Squirrel Nest Lane,3716.14,1066.25,907.54,1160.13,1605.61,217.78,R-767,SWR RES281-2002; NSWR RES365-2006
1037 Squirrel Nest Lane,3716.14,1066.25,907.54,1160.13,1605.61,217.78,R-767,SWR RES281-2002; NSWR RES365-2006
1044 Squirrel Nest Lane,3716.14,1066.25,907.54,1160.13,1605.61,217.78,R-767,SWR RES281-2002; NSWR RES365-2006
1045 Squirrel Nest Lane,3716.14,1066.25,907.54,1160.13,1605.61,217.78,R-767,SWR RES281-2002; NSWR RES365-2006
1048 Squirrel Nest Lane,3716.14,1066.25,907.54,1160.13,1605.61,217.78,R-767,SWR RES281-2002; NSWR RES365-2006
1049 Squirrel Nest Lane,3716.14,1066.25,907.54,1160.13,1605.61,217.78,R-767,SWR RES281-2002; NSWR RES365-2006
1052 Squirrel Nest Lane,3716.14,1066.25,907.54,1160.13,1605.61,217.78,R-767,SWR RES281-2002; NSWR RES365-2006
1053 Squirrel Nest Lane,3716.14,1066.25,907.54,1160.13,1605.61,217.78,R-767,SWR RES281-2002; NSWR RES365-2006
3525 Stolen Horse Trace,3716.14,1066.25,907.54,1160.13,1605.61,217.78,R-767,SWR RES281-2002;NSWR RES365-2006
3529 Stolen Horse Trace,3716.14,1066.25,907.54,1160.13,1605.61,217.78,R-767,SWR RES281-2002;NSWR RES365-2006
3532 Stolen Horse Trace,3716.14,1066.25,907.54,1160.13,1605.61,217.78,R-767,SWR RES281-2002;NSWR RES365-2006
3533 Stolen Horse Trace,3716.14,1066.25,907.54,1160.13,1605.61,217.78,R-767,SWR RES281-2002;NSWR RES365-2006
3537 Stolen Horse Trace,3716.14,1066.25,907.54,1160.13,1605.61,217.78,R-767,SWR RES281-2002;NSWR RES365-2006
3540 Stolen Horse Trace,3716.14,1066.25,907.54,1160.13,1605.61,217.78,R-767,SWR RES281-2002;NSWR RES365-2006
3541 Stolen Horse Trace,3716.14,1066.25,907.54,1160.13,1605.61,217.78,R-767,SWR RES281-2002;NSWR RES365-2006
3544 Stolen Horse Trace,3716.14,1066.25,907.54,1160.13,1605.61,217.78,R-767,SWR RES281-2002;NSWR RES365-2006
3545 Stolen Horse Trace,3716.14,1066.25,907.54,1160.13,1605.61,217.78,R-767,SWR RES281-2002;NSWR RES365-2006
3548 Stolen Horse Trace,3716.14,1066.25,907.54,1160.13,1605.61,217.78,R-767,SWR RES281-2002;NSWR RES365-2006
3549 Stolen Horse Trace,3716.14,1066.25,907.54,1160.13,1605.61,217.78,R-767,SWR RES281-2002;NSWR RES365-2006
3552 Stolen Horse Trace,3716.14,1066.25,907.54,1160.13,1605.61,217.78,R-767,SWR RES281-2002;NSWR RES365-2006
3553 Stolen Horse Trace,3716.14,1066.25,907.54,1160.13,1605.61,217.78,R-767,SWR RES281-2002;NSWR RES365-2006
3556 Stolen Horse Trace,3716.14,1066.25,907.54,1160.13,1605.61,217.78,R-767,SWR RES281-2002;NSWR RES365-2006
3940 Morning Glory Lane,3716.14,1066.25,907.54,1160.13,1605.61,217.78,R-767,SWR RES281-2002;NSWR RES365-2006
3941 Morning Glory Lane,3716.14,1066.25,907.54,1160.13,1605.61,217.78,R-767,SWR RES281-2002;NSWR RES365-2006
3821 Branham Park,935.3,1774.1,835.41,587.28,2786.81,401.33,R-744,SWR MEMO 7-28-04; NSWR MEMO 10-08-04
3825 Branham Park,935.3,1774.1,835.41,587.28,2786.81,401.33,R-545,SWR MEMO 7-28-04; NSWR MEMO 10-08-04
3829 Branham Park,935.3,1774.1,835.41,587.28,2786.81,401.33,R-545,SWR MEMO 7-28-04; NSWR MEMO 10-08-04
3833 Branham Park,935.3,1774.1,835.41,587.28,2786.81,401.33,R-545,SWR MEMO 7-28-04; NSWR MEMO 10-08-04
3837 Branham Park,935.3,1774.1,835.41,587.28,2786.81,401.33,R-545,SWR MEMO 7-28-04; NSWR MEMO 10-08-04
2184 Millstone Way,1378.88,,336.75,430.46,411.16,80.81,R-398,SWR RES281-2002; NSWR RES365-2006
3380 Sweet Clover Lane,2757.75,,673.49,860.93,822.31,161.62,R-398,SWR  RES281-2002;NSWR RES365-2006
3381 Sweet Clover Lane,1378.87,,336.74,430.47,411.15,80.81,R-398,SWR  RES281-2002;NSWR RES365-2006
3382 Polo Club Boulevard,2757.75,,673.49,860.93,822.31,161.62,R-398,SWR  RES281-2002;NSWR RES365-2006
3384 Sweet Clover Lane,2757.75,,673.49,860.93,822.31,161.62,R-398,SWR  RES281-2002;NSWR RES365-2006
3388 Sweet Clover Lane,2757.75,,673.49,860.93,822.31,161.62,R-398,SWR  RES281-2002;NSWR RES365-2006
3392 Sweet Clover Lane,2757.75,,673.49,860.93,822.31,161.62,R-398,SWR  RES281-2002;NSWR RES365-2006
3396 Sweet Clover Lane,2757.75,,673.49,860.93,822.31,161.62,R-398,SWR  RES281-2002;NSWR RES365-2006
3400 Sweet Clover Lane,2757.75,,673.49,860.93,822.31,161.62,R-398,SWR  RES281-2002;NSWR RES365-2006
3401 Sweet Clover Lane,2757.75,,673.49,860.93,822.31,161.62,R-398,SWR  RES281-2002;NSWR RES365-2006
3404 Sweet Clover Lane,2757.75,,673.49,860.93,822.31,161.62,R-398,SWR  RES281-2002;NSWR RES365-2006
3405 Sweet Clover Lane,2757.75,,673.49,860.93,822.31,161.62,R-398,SWR  RES281-2002;NSWR RES365-2006
3408 Sweet Clover Lane,2757.75,,673.49,860.93,822.31,161.62,R-398,SWR  RES281-2002;NSWR RES365-2006
3409 Sweet Clover Lane,2757.75,,673.49,860.93,822.31,161.62,R-398,SWR  RES281-2002;NSWR RES365-2006
1565 Sweet Clover Park,2757.75,,673.49,860.93,822.31,161.62,R-397,SWR  RES281-2002; NSWR RES365-2006
1568 Sweet Clover Park,2757.75,,673.49,860.93,822.31,161.62,R-397,SWR  RES281-2002; NSWR RES365-2006
1569 Sweet Clover Park,2757.75,,673.49,860.93,822.31,161.62,R-397,SWR  RES281-2002; NSWR RES365-2006
1572 Sweet Clover Park,2757.75,,673.49,860.93,822.31,161.62,R-397,SWR  RES281-2002; NSWR RES365-2006
1573 Sweet Clover Park,2757.75,,673.49,860.93,822.31,161.62,R-397,SWR  RES281-2002; NSWR RES365-2006
1576 Sweet Clover Park,2757.75,,673.49,860.93,822.31,161.62,R-397,SWR  RES281-2002; NSWR RES365-2006
1577 Sweet Clover Park,2757.75,,673.49,860.93,822.31,161.62,R-397,SWR  RES281-2002; NSWR RES365-2006
3116 Sweet Clover Lane,2757.75,,673.49,860.93,822.31,161.62,R-397,SWR  RES281-2002;NSWR RES365-2006
3120 Sweet Clover Lane,2757.75,,673.49,860.93,822.31,161.62,R-397,SWR  RES281-2002;NSWR RES365-2006
3121 Sweet Clover Lane,2757.75,,673.49,860.93,822.31,161.62,R-397,SWR  RES281-2002;NSWR RES365-2006
3124 Sweet Clover Lane,2757.75,,673.49,860.93,822.31,161.62,R-397,SWR  RES281-2002;NSWR RES365-2006
3127 Sweet Clover Lane,2757.75,,673.49,860.93,822.31,161.62,R-397,SWR  RES281-2002;NSWR RES365-2006
3128 Sweet Clover Lane,2757.75,,673.49,860.93,822.31,161.62,R-397,SWR  RES281-2002;NSWR RES365-2006
3131 Sweet Clover Lane,2757.75,,673.49,860.93,822.31,161.62,R-397,SWR  RES281-2002;NSWR RES365-2006
3132 Sweet Clover Lane,2757.75,,673.49,860.93,822.31,161.62,R-397,SWR  RES281-2002;NSWR RES365-2006
3135 Sweet Clover Lane,2757.75,,673.49,860.93,822.31,161.62,R-397,SWR  RES281-2002;NSWR RES365-2006
3136 Sweet Clover Lane,2757.75,,673.49,860.93,822.31,161.62,R-397,SWR  RES281-2002;NSWR RES365-2006
3140 Sweet Clover Lane,2757.75,,673.49,860.93,822.31,161.62,R-397,SWR  RES281-2002;NSWR RES365-2006
3141 Sweet Clover Lane,2757.75,,673.49,860.93,822.31,161.62,R-397,SWR  RES281-2002;NSWR RES365-2006
3348 Polo Club Boulevard,2757.75,,673.49,860.93,822.31,161.62,R-397,SWR  RES281-2002;NSWR RES365-2006
3352 Polo Club Boulevard,2757.75,,673.49,860.93,822.31,161.62,R-397,SWR  RES281-2002;NSWR RES365-2006
3356 Polo Club Boulevard,2757.75,,673.49,860.93,822.31,161.62,R-397,SWR  RES281-2002;NSWR RES365-2006
3360 Polo Club Boulevard,2757.75,,673.49,860.93,822.31,161.62,R-397,SWR  RES281-2002;NSWR RES365-2006
3364 Polo Club Boulevard,2757.75,,673.49,860.93,822.31,161.62,R-397,SWR  RES281-2002;NSWR RES365-2006
3374 Polo Club Boulevard,2757.75,,673.49,860.93,822.31,161.62,R-397,SWR  RES281-2002;NSWR RES365-2006
3378 Polo Club Boulevard,2757.75,,673.49,860.93,822.31,161.62,R-397,SWR  RES281-2002;NSWR RES365-2006
3386 Polo Club Boulevard,2757.75,,673.49,860.93,822.31,161.62,R-397,SWR  RES281-2002;NSWR RES365-2006
3390 Polo Club Boulevard,2757.75,,673.49,860.93,822.31,161.62,R-397,SWR  RES281-2002;NSWR RES365-2006
3394 Polo Club Boulevard,2757.75,,673.49,860.93,822.31,161.62,R-397,SWR  RES281-2002;NSWR RES365-2006
3398 Polo Club Boulevard,2757.75,,673.49,860.93,822.31,161.62,R-397,SWR  RES281-2002;NSWR RES365-2006
3412 Sweet Clover Lane,2757.75,,673.49,860.93,822.31,161.62,R-397,SWR  RES281-2002;NSWR RES365-2006
3413 Sweet Clover Lane,2757.75,,673.49,860.93,822.31,161.62,R-397,SWR  RES281-2002;NSWR RES365-2006
3424 Sweet Clover Lane,2757.75,,673.49,860.93,822.31,161.62,R-397,SWR  RES281-2002;NSWR RES365-2006
3144 Sweet Clover Lane,2757.75,,673.49,860.93,822.31,161.62,R-296,SWR  RES281-2002;NSWR RES365-2006
3148 Sweet Clover Lane,2757.75,,673.49,860.93,822.31,161.62,R-296,SWR  RES281-2002;NSWR RES365-2006
3152 Sweet Clover Lane,2757.75,,673.49,860.93,822.31,161.62,R-296,SWR  RES281-2002;NSWR RES365-2006
3156 Sweet Clover Lane,2757.75,,673.49,860.93,822.31,161.62,R-296,SWR  RES281-2002;NSWR RES365-2006
3160 Sweet Clover Lane,2757.75,,673.49,860.93,822.31,161.62,R-296,SWR  RES281-2002;NSWR RES365-2006
3164 Sweet Clover Lane,2757.75,,673.49,860.93,822.31,161.62,R-296,SWR  RES281-2002;NSWR RES365-2006
3168 Sweet Clover Lane,2757.75,,673.49,860.93,822.31,161.62,R-296,SWR  RES281-2002;NSWR RES365-2006
3172 Sweet Clover Lane,2757.75,,673.49,860.93,822.31,161.62,R-296,SWR  RES281-2002;NSWR RES365-2006
274 Somersly Place,935.3,1774.1,835.41,587.28,2786.81,401.33,R-229,SWR MEMO 7-28-04; NSWR MEMO 10-08-04
4168 Needlerush Drive,2320.17,3915.81,1843.93,1456.83,4455.14,442.48,R-120,SWR RES755-2001;NSWR RES416-2003
4170 Needlerush Drive,2320.17,3915.81,1843.93,1456.83,4455.14,442.48,R-120,SWR RES755-2001;NSWR RES416-2003
4171 Needlerush Drive,2320.17,3915.81,1843.93,1456.83,4455.14,442.48,R-120,SWR RES755-2001;NSWR RES416-2003
4172 Needlerush Drive,2320.17,3915.81,1843.93,1456.83,4455.14,442.48,R-120,SWR RES755-2001;NSWR RES416-2003
4174 Needlerush Drive,2320.17,3915.81,1843.93,1456.83,4455.14,442.48,R-120,SWR RES755-2001;NSWR RES416-2003
4176 Needlerush Drive,2320.17,3915.81,1843.93,1456.83,4455.14,442.48,R-120,SWR RES755-2001;NSWR RES416-2003
4178 Needlerush Drive,2320.17,3915.81,1843.93,1456.83,4455.14,442.48,R-120,SWR RES755-2001;NSWR RES416-2003
4182 Needlerush Drive,2320.17,3915.81,1843.93,1456.83,4455.14,442.48,R-120,SWR RES755-2001;NSWR RES416-2003
4183 Needlerush Drive,2320.17,3915.81,1843.93,1456.83,4455.14,442.48,R-120,SWR RES755-2001;NSWR RES416-2003
4184 Needlerush Drive,2320.17,3915.81,1843.93,1456.83,4455.14,442.48,R-120,SWR RES755-2001;NSWR RES416-2003
4185 Needlerush Drive,2320.17,3915.81,1843.93,1456.83,4455.14,442.48,R-120,SWR RES755-2001;NSWR RES416-2003
4187 Needlerush Drive,2320.17,3915.81,1843.93,1456.83,4455.14,442.48,R-120,SWR RES755-2001;NSWR RES416-2003
4217 Starrush Place,2320.17,3915.81,1843.93,1456.83,4455.14,442.48,R-120,SWR RES755-2001;NSWR RES416-2003
4222 Starrush Place,2320.17,3915.81,1843.93,1456.83,4455.14,442.48,R-120,SWR RES755-2001;NSWR RES416-2003
4225 Starrush Place,2320.17,3915.81,1843.93,1456.83,4455.14,442.48,R-120,SWR RES755-2001;NSWR RES416-2003
4237 Starrush Place,2320.17,3915.81,1843.93,1456.83,4455.14,442.48,R-120,SWR RES755-2001;NSWR RES416-2003
4240 Starrush Place,2320.17,3915.81,1843.93,1456.83,4455.14,442.48,R-120,SWR RES755-2001;NSWR RES416-2003
4245 Starrush Place,2320.17,3915.81,1843.93,1456.83,4455.14,442.48,R-120,SWR RES755-2001;NSWR RES416-2003
4249 Starrush Place,2320.17,3915.81,1843.93,1456.83,4455.14,442.48,R-120,SWR RES755-2001;NSWR RES416-2003
4253 Starrush Place,2320.17,3915.81,1843.93,1456.83,4455.14,442.48,R-120,SWR RES755-2001;NSWR RES416-2003
4254 Starrush Place,2320.17,3915.81,1843.93,1456.83,4455.14,442.48,R-120,SWR RES755-2001;NSWR RES416-2003
4258 Starrush Place,2320.17,3915.81,1843.93,1456.83,4455.14,442.48,R-120,SWR RES755-2001;NSWR RES416-2003
4261 Starrush Place,2320.17,3915.81,1843.93,1456.83,4455.14,442.48,R-120,SWR RES755-2001;NSWR RES416-2003
4262 Starrush Place,2320.17,3915.81,1843.93,1456.83,4455.14,442.48,R-120,SWR RES755-2001;NSWR RES416-2003
4265 Starrush Place,2320.17,3915.81,1843.93,1456.83,4455.14,442.48,R-120,SWR RES755-2001;NSWR RES416-2003
604 Spadeleaf Park,2320.17,3915.81,1843.93,1456.83,4455.14,442.48,R-120,SWR RES755-2001;NSWR RES416-2003
605 Spadeleaf Park,2320.17,3915.81,1843.93,1456.83,4455.14,442.48,R-120,SWR RES755-2001;NSWR RES416-2003
608 Spadeleaf Park,2320.17,3915.81,1843.93,1456.83,4455.14,442.48,R-120,SWR RES755-2001;NSWR RES416-2003
609 Spadeleaf Park,2320.17,3915.81,1843.93,1456.83,4455.14,442.48,R-120,SWR RES755-2001;NSWR RES416-2003
613 Spadeleaf Park,2320.17,3915.81,1843.93,1456.83,4455.14,442.48,R-120,SWR RES755-2001;NSWR RES416-2003
4101 Starrush Place,2320.17,3915.81,1843.93,1456.83,4455.14,442.48,N-729,SWR RES755-2001;NSWR RES416-2003
4105 Starrush Place,2320.17,3915.81,1843.93,1456.83,4455.14,442.48,N-729,SWR RES755-2001;NSWR RES416-2003
4108 Starrush Place,2320.17,3915.81,1843.93,1456.83,4455.14,442.48,N-729,SWR RES755-2001;NSWR RES416-2003
4109 Starrush Place,2320.17,3915.81,1843.93,1456.83,4455.14,442.48,N-729,SWR RES755-2001;NSWR RES416-2003
4112 Starrush Place,2320.17,3915.81,1843.93,1456.83,4455.14,442.48,N-729,SWR RES755-2001;NSWR RES416-2003
4113 Starrush Place,2320.17,3915.81,1843.93,1456.83,4455.14,442.48,N-729,SWR RES755-2001;NSWR RES416-2003
4116 Starrush Place,2320.17,3915.81,1843.93,1456.83,4455.14,442.48,N-729,SWR RES755-2001;NSWR RES416-2003
4117 Starrush Place,2320.17,3915.81,1843.93,1456.83,4455.14,442.48,N-729,SWR RES755-2001;NSWR RES416-2003
4120 Starrush Place,2320.17,3915.81,1843.93,1456.83,4455.14,442.48,N-729,SWR RES755-2001;NSWR RES416-2003
4121 Starrush Place,2320.17,3915.81,1843.93,1456.83,4455.14,442.48,N-729,SWR RES755-2001;NSWR RES416-2003
4124 Starrush Place,2320.17,3915.81,1843.93,1456.83,4455.14,442.48,N-729,SWR RES755-2001;NSWR RES416-2003
4128 Starrush Place,2320.17,3915.81,1843.93,1456.83,4455.14,442.48,N-729,SWR RES755-2001;NSWR RES416-2003
4129 Starrush Place,2320.17,3915.81,1843.93,1456.83,4455.14,442.48,N-729,SWR RES755-2001;NSWR RES416-2003
4132 Starrush Place,2320.17,3915.81,1843.93,1456.83,4455.14,442.48,N-729,SWR RES755-2001;NSWR RES416-2003
4133 Starrush Place,2320.17,3915.81,1843.93,1456.83,4455.14,442.48,N-729,SWR RES755-2001;NSWR RES416-2003
4136 Starrush Place,2320.17,3915.81,1843.93,1456.83,4455.14,442.48,N-729,SWR RES755-2001;NSWR RES416-2003
4140 Starrush Place,2320.17,3915.81,1843.93,1456.83,4455.14,442.48,N-729,SWR RES755-2001;NSWR RES416-2003
4141 Starrush Place,2320.17,3915.81,1843.93,1456.83,4455.14,442.48,N-729,SWR RES755-2001;NSWR RES416-2003
4143 Starrush Place,2320.17,3915.81,1843.93,1456.83,4455.14,442.48,N-729,SWR RES755-2001;NSWR RES416-2003
4144 Starrush Place,2320.17,3915.81,1843.93,1456.83,4455.14,442.48,N-729,SWR RES755-2001;NSWR RES416-2003
4147 Starrush Place,2320.17,3915.81,1843.93,1456.83,4455.14,442.48,N-729,SWR RES755-2001;NSWR RES416-2003
4148 Starrush Place,2320.17,3915.81,1843.93,1456.83,4455.14,442.48,N-729,SWR RES755-2001;NSWR RES416-2003
4151 Starrush Place,2320.17,3915.81,1843.93,1456.83,4455.14,442.48,N-729,SWR RES755-2001;NSWR RES416-2003
4180 Sperling Drive,2320.17,3915.81,1843.93,1456.83,4455.14,442.48,N-729,SWR RES755-2001;NSWR RES416-2003
4716 Sperling Drive,2320.17,3915.81,1843.93,1456.83,4455.14,442.48,N-729,SWR RES755-2001;NSWR RES416-2003
2000 Polo Club Boulevard,3043956.24,2085500.43,1380836.64,0,1588312.5,129000,N-575,SWR & NSWR RES425-2008
3769 Branham Park,1256.8,1417.51,439.82,226.35,1653.54,401.34,N-498,SWR MEMO 7-28-04; NSWR MEMO 10-08-04
3773 Branham Park,1256.8,1417.51,439.82,226.35,1653.54,401.34,N-498,SWR MEMO 7-28-04; NSWR MEMO 10-08-04
445 Weston Park,1541.27,1444.79,662.69,566.12,2629.05,401.33,N-498,SWR MEMO 7-28-04; NSWR MEMO 10-08-04
453 Weston Park,1541.27,1444.79,662.69,566.12,2629.05,401.33,N-498,SWR MEMO 7-28-04; NSWR MEMO 10-08-04
454 Weston Park,1256.8,1417.51,439.82,226.35,1653.54,401.34,N-498,SWR MEMO 7-28-04; NSWR MEMO 10-08-04
455 Weston Park,1541.27,1444.79,662.69,566.12,2629.05,401.33,N-498,SWR MEMO 7-28-04; NSWR MEMO 10-08-04
285 Hannah Todd Place,1272.75,1061.56,486.91,467.49,1399.1,147.3,N-332,SWR & NSWR RES282-2002
1row Polo Club Boulevard,61753.4,24363.78,20429.23,33174.06,37715.3,6180,N-240,SWR RES281-2002; NSWR RES365-2006
1000 Polo Club Boulevard,43567.13,,14412.85,23404.35,21926.66,4360,N-240,SWR RES281-2002; NSWR RES365-2006
4548 Pebble Brook Circle,1257.01,1261.46,391.4,226.39,1065.79,178.4,M-425,SWR RES755-2001;NSWR RES406-2002
4549 Pebble Brook Circle,1257.01,1261.46,391.4,226.39,1065.79,178.4,M-425,SWR RES755-2001;NSWR RES406-2002
4552 Pebble Brook Circle,1257.01,1261.46,391.4,226.39,1065.79,178.4,M-425,SWR RES755-2001;NSWR RES406-2002
4556 Pebble Brook Circle,1257.01,1261.46,391.4,226.39,1065.79,178.4,M-425,SWR RES755-2001;NSWR RES406-2002
600 Stansberry Cove,1257.01,1261.46,391.4,226.39,1065.79,178.4,M-425,SWR RES755-2001;NSWR RES406-2002
604 Stansberry Cove,1257.01,1261.46,391.4,226.39,1065.79,178.4,M-425,SWR RES755-2001;NSWR RES406-2002
612 Stansberry Cove,1257.01,1261.46,391.4,226.39,1065.79,178.4,M-425,SWR RES755-2001;NSWR RES406-2002
616 Stansberry Cove,1257.01,1261.46,391.4,226.39,1065.79,178.4,M-425,SWR RES755-2001;NSWR RES406-2002
617 Stansberry Cove,1257.01,1261.46,391.4,226.39,1065.79,178.4,M-425,SWR RES755-2001;NSWR RES406-2002
620 Stansberry Cove,1257.01,1261.46,391.4,226.39,1065.79,178.4,M-425,SWR RES755-2001;NSWR RES406-2002
621 Stansberry Cove,1257.01,1261.46,391.4,226.39,1065.79,178.4,M-425,SWR RES755-2001;NSWR RES406-2002
624 Stansberry Cove,1257.01,1261.46,391.4,226.39,1065.79,178.4,M-425,SWR RES755-2001;NSWR RES406-2002
625 Stansberry Cove,1257.01,1261.46,391.4,226.39,1065.79,178.4,M-425,SWR RES755-2001;NSWR RES406-2002
628 Stansberry Cove,1257.01,1261.46,391.4,226.39,1065.79,178.4,M-425,SWR RES755-2001;NSWR RES406-2002
629 Stansberry Cove,1257.01,1261.46,391.4,226.39,1065.79,178.4,M-425,SWR RES755-2001;NSWR RES406-2002
689 Stansberry Cove,1257.01,1261.46,391.4,226.39,1065.79,178.4,M-425,SWR RES755-2001;NSWR RES406-2002
693 Stansberry Cove,1257.01,1261.46,391.4,226.39,1065.79,178.4,M-425,SWR RES755-2001;NSWR RES406-2002
697 Stansberry Cove,1257.01,1261.46,391.4,226.39,1065.79,178.4,M-425,SWR RES755-2001;NSWR RES406-2002
704 Stansberry Cove,1257.01,1261.46,391.4,226.39,1065.79,178.4,M-425,SWR RES755-2001;NSWR RES406-2002
708 Stansberry Cove,1257.01,1261.46,391.4,226.39,1065.79,178.4,M-425,SWR RES755-2001;NSWR RES406-2002
709 Stansberry Cove,1257.01,1261.46,391.4,226.39,1065.79,178.4,M-425,SWR RES755-2001;NSWR RES406-2002
712 Stansberry Cove,1257.01,1261.46,391.4,226.39,1065.79,178.4,M-425,SWR RES755-2001;NSWR RES406-2002
716 Stansberry Cove,1257.01,1261.46,391.4,226.39,1065.79,178.4,M-425,SWR RES755-2001;NSWR RES406-2002
720 Stansberry Cove,1257.01,1261.46,391.4,226.39,1065.79,178.4,M-425,SWR RES755-2001;NSWR RES406-2002
724 Stansberry Cove,1257.01,1261.46,391.4,226.39,1065.79,178.4,M-425,SWR RES755-2001;NSWR RES406-2002
3744 Branham Park,1541.27,1444.79,662.69,566.12,2629.05,401.33,M-874,SWR MEMO 7-28-04; NSWR MEMO 10-08-04
3749 Branham Park,1541.27,1444.79,662.69,566.12,2629.05,401.33,M-874,SWR MEMO 7-28-04; NSWR MEMO 10-08-04
3753 Branham Park,1541.27,1444.79,662.69,566.12,2629.05,401.33,M-874,SWR MEMO 7-28-04; NSWR MEMO 10-08-04
3757 Branham Park,1541.27,1444.79,662.69,566.12,2629.05,401.33,M-874,SWR MEMO 7-28-04; NSWR MEMO 10-08-04
3765 Branham Park,1541.27,1444.79,662.69,566.12,2629.05,401.33,M-874,SWR MEMO 7-28-04; NSWR MEMO 10-08-04
440 Weston Park,1541.27,1444.79,662.69,566.12,2629.05,401.33,M-874,SWR MEMO 7-28-04; NSWR MEMO 10-08-04
441 Weston Park,1541.27,1444.79,662.69,566.12,2629.05,401.33,M-874,SWR MEMO 7-28-04; NSWR MEMO 10-08-04
444 Weston Park,1256.8,1417.51,439.82,226.35,1653.54,401.34,M-874,SWR MEMO 7-28-04; NSWR MEMO 10-08-04
448 Weston Park,1541.27,1444.79,662.69,566.12,2629.05,401.33,M-874,SWR MEMO 7-28-04; NSWR MEMO 10-08-04
452 Weston Park,1256.8,1417.51,439.82,226.35,1653.54,401.34,M-874,SWR MEMO 7-28-04; NSWR MEMO 10-08-04
240 Ellerslie Park Boulevard,1541.27,1444.79,662.69,566.12,2629.05,401.33,M-873,SWR MEMO 7-28-04; NSWR MEMO 10-08-04
244 Ellerslie Park Boulevard,1541.27,1444.79,662.69,566.12,2629.05,401.33,M-873,SWR MEMO 7-28-04; NSWR MEMO 10-08-04
248 Ellerslie Park Boulevard,1541.27,1444.79,662.69,566.12,2629.05,401.33,M-873,SWR MEMO 7-28-04; NSWR MEMO 10-08-04
252 Ellerslie Park Boulevard,1541.27,1444.79,662.69,566.12,2629.05,401.33,M-873,SWR MEMO 7-28-04; NSWR MEMO 10-08-04
256 Ellerslie Park Boulevard,1541.27,1444.79,662.69,566.12,2629.05,401.33,M-873,SWR MEMO 7-28-04; NSWR MEMO 10-08-04
260 Ellerslie Park Boulevard,1541.27,1444.79,662.69,566.12,2629.05,401.33,M-873,SWR MEMO 7-28-04; NSWR MEMO 10-08-04
456 Weston Park,1256.8,1417.51,439.82,226.35,1653.54,401.34,M-873,SWR MEMO 7-28-04; NSWR MEMO 10-08-04
460 Weston Park,1541.27,1444.79,662.69,566.12,2629.05,401.33,M-873,SWR MEMO 7-28-04; NSWR MEMO 10-08-04
461 Weston Park,1541.27,1444.79,662.69,566.12,2629.05,401.33,M-873,SWR MEMO 7-28-04; NSWR MEMO 10-08-04
463 Weston Park,1541.27,1444.79,662.69,566.12,2629.05,401.33,M-873,SWR MEMO 7-28-04; NSWR MEMO 10-08-04
465 Weston Park,1256.8,1417.51,439.82,226.35,1653.54,401.34,M-873,SWR MEMO 7-28-04; NSWR MEMO 10-08-04
468 Weston Park,1541.27,1444.79,662.69,566.12,2629.05,401.33,M-873,SWR MEMO 7-28-04; NSWR MEMO 10-08-04
469 Weston Park,1541.27,1444.79,662.69,566.12,2629.05,401.33,M-873,SWR MEMO 7-28-04; NSWR MEMO 10-08-04
472 Weston Park,1541.27,1444.79,662.69,566.12,2629.05,401.33,M-873,SWR MEMO 7-28-04; NSWR MEMO 10-08-04
473 Weston Park,1541.27,1444.79,662.69,566.12,2629.05,401.33,M-873,SWR MEMO 7-28-04; NSWR MEMO 10-08-04
476 Weston Park,1541.27,1444.79,662.69,566.12,2629.05,401.33,M-873,SWR MEMO 7-28-04; NSWR MEMO 10-08-04
488 Weston Park,1541.27,1444.79,662.69,566.12,2629.05,401.33,M-873,SWR MEMO 7-28-04; NSWR MEMO 10-08-04
3845 Branham Park,1541.27,1444.79,662.69,566.12,2629.05,401.33,M-872,SWR MEMO 7-28-04; NSWR MEMO 10-08-04
3849 Branham Park,1541.27,1444.79,662.69,566.12,2629.05,401.33,M-872,SWR MEMO 7-28-04; NSWR MEMO 10-08-04
3869 Branham Park,1541.27,1444.79,662.69,566.12,2629.05,401.33,M-872,SWR MEMO 7-28-04; NSWR MEMO 10-08-04
489 Weston Park,1541.27,1444.79,662.69,566.12,2629.05,401.33,M-872,SWR MEMO 7-28-04; NSWR MEMO 10-08-04
492 Weston Park,1541.27,1444.79,662.69,566.12,2629.05,401.33,M-872,SWR MEMO 7-28-04; NSWR MEMO 10-08-04
493 Weston Park,1541.27,1444.79,662.69,566.12,2629.05,401.33,M-872,SWR MEMO 7-28-04; NSWR MEMO 10-08-04
500 Weston Park,1256.8,1417.51,439.82,226.35,1653.54,401.34,M-872,SWR MEMO 7-28-04; NSWR MEMO 10-08-04
3348 Sweet Clover Lane,2256.19,,,1212.03,1135.51,225.79,M-710,NSWR RES401-2005
264 Jane Briggs Avenue,1409.2,1414.19,438.79,253.8,1194.84,200,M-70,SWR & NSWR RES282-2002
265 Richardson Place,1409.2,1414.19,438.79,253.8,1194.84,200,M-70,SWR & NSWR RES282-2002
268 Jane Briggs Avenue,1409.2,1414.19,438.79,253.8,1194.84,200,M-70,SWR & NSWR RES282-2002
269 Richardson Place,1409.2,1414.19,438.79,253.8,1194.84,200,M-70,SWR & NSWR RES282-2002
272 Jane Briggs Avenue,1409.2,1414.19,438.79,253.8,1194.84,200,M-70,SWR & NSWR RES282-2002
2977 Constantine Avenue,2978.96,1398.52,720.86,988.84,1203.66,328.58,M-513,SWR MEMO 12-10-02;NSWR MEMO 10-08-04
3936 Tatton Park,1256.8,1417.51,439.82,226.35,1653.54,401.34,M-502,SWR MEMO 7-28-04; NSWR MEMO 10-08-04
3944 Tatton Park,1256.8,1417.51,439.82,226.35,1653.54,401.34,M-502,SWR MEMO 7-28-04; NSWR MEMO 10-08-04
3960 Tatton Park,1256.8,1417.51,439.82,226.35,1653.54,401.34,M-502,SWR MEMO 7-28-04; NSWR MEMO 10-08-04
3968 Tatton Park,1256.8,1417.51,439.82,226.35,1653.54,401.34,M-502,SWR MEMO 7-28-04; NSWR MEMO 10-08-04
3969 Tatton Park,1256.8,1417.51,439.82,226.35,1653.54,401.34,M-502,SWR MEMO 7-28-04; NSWR MEMO 10-08-04
3973 Tatton Park,1256.8,1417.51,439.82,226.35,1653.54,401.34,M-502,SWR MEMO 7-28-04; NSWR MEMO 10-08-04
3976 Tatton Park,1256.8,1417.51,439.82,226.35,1653.54,401.34,M-502,SWR MEMO 7-28-04; NSWR MEMO 10-08-04
3977 Tatton Park,1256.8,1417.51,439.82,226.35,1653.54,401.34,M-502,SWR MEMO 7-28-04; NSWR MEMO 10-08-04
3984 Tatton Park,1256.8,1417.51,439.82,226.35,1653.54,401.34,M-502,SWR MEMO 7-28-04; NSWR MEMO 10-08-04
3985 Tatton Park,1256.8,1417.51,439.82,226.35,1653.54,401.34,M-502,SWR MEMO 7-28-04; NSWR MEMO 10-08-04
3997 Branham Park,1256.8,1417.51,439.82,226.35,1653.54,401.34,M-502,SWR MEMO 7-28-04; NSWR MEMO 10-08-04
200 Kelburn Court,1256.8,1417.51,439.82,226.35,1653.54,401.34,M-493,SWR MEMO 7-28-04; NSWR MEMO 10-08-04
201 Kelburn Court,1256.8,1417.51,439.82,226.35,1653.54,401.34,M-493,SWR MEMO 7-28-04; NSWR MEMO 10-08-04
209 Kelburn Court,1256.8,1417.51,439.82,226.35,1653.54,401.34,M-493,SWR MEMO 7-28-04; NSWR MEMO 10-08-04
3925 Branham Park,1256.8,1417.51,439.82,226.35,1653.54,401.34,M-493,SWR MEMO 7-28-04; NSWR MEMO 10-08-04
3937 Branham Park,1256.8,1417.51,439.82,226.35,1653.54,401.34,M-493,SWR MEMO 7-28-04; NSWR MEMO 10-08-04
3953 Branham Park,1256.8,1417.51,439.82,226.35,1653.54,401.34,M-493,SWR MEMO 7-28-04; NSWR MEMO 10-08-04
3961 Branham Park,1256.8,1417.51,439.82,226.35,1653.54,401.34,M-493,SWR MEMO 7-28-04; NSWR MEMO 10-08-04
3985 Branham Park,1256.8,1417.51,439.82,226.35,1653.54,401.34,M-493,SWR MEMO 7-28-04; NSWR MEMO 10-08-04
3993 Branham Park,1256.8,1417.51,439.82,226.35,1653.54,401.34,M-493,SWR MEMO 7-28-04; NSWR MEMO 10-08-04
260 Grassland Park,1256.8,1417.51,439.82,226.35,1653.54,401.34,M-492,SWR MEMO 7-28-04; NSWR MEMO 10-08-04
261 Grassland Park,,416.91,439.82,,,,M-492,SWR MEMO 7-28-04
268 Grassland Park,1256.8,1417.51,439.82,226.35,1653.54,401.34,M-492,SWR MEMO 7-28-04; NSWR MEMO 10-08-04
276 Grassland Park,1256.8,1417.51,439.82,226.35,1653.54,401.34,M-492,SWR MEMO 7-28-04; NSWR MEMO 10-08-04
277 Grassland Park,1256.8,1417.51,439.82,226.35,1653.54,401.34,M-492,SWR MEMO 7-28-04; NSWR MEMO 10-08-04
284 Grassland Park,1256.8,1417.51,439.82,226.35,1653.54,401.34,M-492,SWR MEMO 7-28-04; NSWR MEMO 10-08-04
285 Grassland Park,1256.8,1417.51,439.82,226.35,1653.54,401.34,M-492,SWR MEMO 7-28-04; NSWR MEMO 10-08-04
3881 Branham Park,1256.8,1417.51,439.82,226.35,1653.54,401.34,M-492,SWR MEMO 7-28-04; NSWR MEMO 10-08-04
3889 Branham Park,1256.8,1417.51,439.82,226.35,1653.54,401.34,M-492,SWR MEMO 7-28-04; NSWR MEMO 10-08-04
3909 Branham Park,1256.8,1417.51,439.82,226.35,1653.54,401.34,M-492,SWR MEMO 7-28-04; NSWR MEMO 10-08-04
3917 Branham Park,1256.8,1417.51,439.82,226.35,1653.54,401.34,M-492,SWR MEMO 7-28-04; NSWR MEMO 10-08-04
200 Grassland Park,1256.8,1417.51,439.82,226.35,1653.54,401.34,M-491,SWR MEMO 7-28-04; NSWR MEMO 10-08-04
201 Grassland Park,1256.8,1417.51,439.82,226.35,1653.54,401.34,M-491,SWR MEMO 7-28-04; NSWR MEMO 10-08-04
208 Grassland Park,1256.8,1417.51,439.82,226.35,1653.54,401.34,M-491,SWR MEMO 7-28-04; NSWR MEMO 10-08-04
209 Grassland Park,,1417.51,439.82,,677.1,,M-491,SWR MEMO 7-28-04; NSWR MEMO 10-08-04
216 Grassland Park,1256.8,1417.51,439.82,226.35,1653.54,401.34,M-491,SWR MEMO 7-28-04; NSWR MEMO 10-08-04
224 Grassland Park,1256.8,1417.51,439.82,226.35,1653.54,401.34,M-491,SWR MEMO 7-28-04; NSWR MEMO 10-08-04
225 Grassland Park,1256.8,1417.51,439.82,226.35,1653.54,401.34,M-491,SWR MEMO 7-28-04; NSWR MEMO 10-08-04
232 Grassland Park,1256.8,1417.51,439.82,226.35,1653.54,401.34,M-491,SWR MEMO 7-28-04; NSWR MEMO 10-08-04
240 Grassland Park,1256.8,1417.51,439.82,226.35,1653.54,401.34,M-491,SWR MEMO 7-28-04; NSWR MEMO 10-08-04
248 Grassland Park,1256.8,1417.51,439.82,226.35,1653.54,401.34,M-491,SWR MEMO 7-28-04; NSWR MEMO 10-08-04
249 Grassland Park,1256.8,1417.51,439.82,226.35,1653.54,401.34,M-491,SWR MEMO 7-28-04; NSWR MEMO 10-08-04
257 Grassland Park,1256.8,1417.51,439.82,226.35,1653.54,401.34,M-491,SWR MEMO 7-28-04; NSWR MEMO 10-08-04
3920 Tatton Park,1256.8,1417.51,439.82,226.35,1653.54,401.34,M-491,SWR MEMO 7-28-04; NSWR MEMO 10-08-04
189 Ellerslie Park Boulevard,1256.8,1417.51,439.82,226.35,1653.54,401.34,M-490,SWR MEMO 7-28-04; NSWR MEMO 10-08-04
193 Ellerslie Park Boulevard,1256.8,1417.51,439.82,226.35,1653.54,401.34,M-490,SWR MEMO 7-28-04; NSWR MEMO 10-08-04
197 Ellerslie Park Boulevard,1256.8,1417.51,439.82,226.35,1653.54,401.34,M-490,SWR MEMO 7-28-04; NSWR MEMO 10-08-04
197 Somersly Place,1256.8,1417.51,439.82,226.35,1653.54,401.34,M-490,SWR MEMO 7-28-04; NSWR MEMO 10-08-04
200 Somersly Place,1256.8,1417.51,439.82,226.35,1653.54,401.34,M-490,SWR MEMO 7-28-04; NSWR MEMO 10-08-04
204 Ellerslie Park Boulevard,1256.8,1417.51,439.82,226.35,1653.54,401.34,M-490,SWR MEMO 7-28-04; NSWR MEMO 10-08-04
204 Somersly Place,1256.8,1417.51,439.82,226.35,1653.54,401.34,M-490,SWR MEMO 7-28-04; NSWR MEMO 10-08-04
205 Ellerslie Park Boulevard,1256.8,1417.51,439.82,226.35,1653.54,401.34,M-490,SWR MEMO 7-28-04; NSWR MEMO 10-08-04
208 Ellerslie Park Boulevard,1256.8,1417.51,439.82,226.35,1653.54,401.34,M-490,SWR MEMO 7-28-04; NSWR MEMO 10-08-04
208 Somersly Place,1256.8,1417.51,439.82,226.35,1653.54,401.34,M-490,SWR MEMO 7-28-04; NSWR MEMO 10-08-04
209 Somersly Place,1256.8,1417.51,439.82,226.35,1653.54,401.34,M-490,SWR MEMO 7-28-04; NSWR MEMO 10-08-04
212 Ellerslie Park Boulevard,1256.8,1417.51,439.82,226.35,1653.54,401.34,M-490,SWR MEMO 7-28-04; NSWR MEMO 10-08-04
217 Ellerslie Park Boulevard,1256.8,1417.51,439.82,226.35,1653.54,401.34,M-490,SWR MEMO 7-28-04; NSWR MEMO 10-08-04
220 Ellerslie Park Boulevard,1256.8,1417.51,439.82,226.35,1653.54,401.34,M-490,SWR MEMO 7-28-04; NSWR MEMO 10-08-04
221 Ellerslie Park Boulevard,1256.8,1417.51,439.82,226.35,1653.54,401.34,M-490,SWR MEMO 7-28-04; NSWR MEMO 10-08-04
224 Ellerslie Park Boulevard,1256.8,1417.51,439.82,226.35,1653.54,401.34,M-490,SWR MEMO 7-28-04; NSWR MEMO 10-08-04
228 Ellerslie Park Boulevard,1256.8,1417.51,439.82,226.35,1653.54,401.34,M-490,SWR MEMO 7-28-04; NSWR MEMO 10-08-04
229 Ellerslie Park Boulevard,1256.8,1417.51,439.82,226.35,1653.54,401.34,M-490,SWR MEMO 7-28-04; NSWR MEMO 10-08-04
232 Ellerslie Park Boulevard,1256.8,1417.51,439.82,226.35,1653.54,401.34,M-490,SWR MEMO 7-28-04; NSWR MEMO 10-08-04
233 Ellerslie Park Boulevard,1256.8,1417.51,439.82,226.35,1653.54,401.34,M-490,SWR MEMO 7-28-04; NSWR MEMO 10-08-04
236 Ellerslie Park Boulevard,1256.8,1417.51,439.82,226.35,1653.54,401.34,M-490,SWR MEMO 7-28-04; NSWR MEMO 10-08-04
237 Ellerslie Park Boulevard,1256.8,1417.51,439.82,226.35,1653.54,401.34,M-490,SWR MEMO 7-28-04; NSWR MEMO 10-08-04
3888 Tatton Park,1256.8,1417.51,439.82,226.35,1653.54,401.34,M-490,SWR MEMO 7-28-04; NSWR MEMO 10-08-04
3892 Tatton Park,1256.8,1417.51,439.82,226.35,1653.54,401.34,M-490,SWR MEMO 7-28-04; NSWR MEMO 10-08-04
3893 Tatton Park,1256.8,1417.51,439.82,226.35,1653.54,401.34,M-490,SWR MEMO 7-28-04; NSWR MEMO 10-08-04
169 Ellerslie Park Boulevard,1256.8,1417.51,439.82,226.35,1653.54,401.34,M-489,SWR MEMO 7-28-04; NSWR MEMO 10-08-04
172 Somersly Place,1256.8,1417.51,439.82,226.35,1653.54,401.34,M-489,SWR MEMO 7-28-04; NSWR MEMO 10-08-04
173 Ellerslie Park Boulevard,1256.8,1417.51,439.82,226.35,1653.54,401.34,M-489,SWR MEMO 7-28-04; NSWR MEMO 10-08-04
173 Somersly Place,1256.8,1417.51,439.82,226.35,1653.54,401.34,M-489,SWR MEMO 7-28-04; NSWR MEMO 10-08-04
176 Somersly Place,1256.8,1417.51,439.82,226.35,1653.54,401.34,M-489,SWR MEMO 7-28-04; NSWR MEMO 10-08-04
177 Ellerslie Park Boulevard,1256.8,1417.51,439.82,226.35,1653.54,401.34,M-489,SWR MEMO 7-28-04; NSWR MEMO 10-08-04
177 Somersly Place,1256.8,1417.51,439.82,226.35,1653.54,401.34,M-489,SWR MEMO 7-28-04; NSWR MEMO 10-08-04
180 Somersly Place,1256.8,1417.51,439.82,226.35,1653.54,401.34,M-489,SWR MEMO 7-28-04; NSWR MEMO 10-08-04
181 Ellerslie Park Boulevard,1256.8,1417.51,439.82,226.35,1653.54,401.34,M-489,SWR MEMO 7-28-04; NSWR MEMO 10-08-04
181 Somersly Place,1256.8,1417.51,439.82,226.35,1653.54,401.34,M-489,SWR MEMO 7-28-04; NSWR MEMO 10-08-04
184 Somersly Place,1256.8,1417.51,439.82,226.35,1653.54,401.34,M-489,SWR MEMO 7-28-04; NSWR MEMO 10-08-04
185 Ellerslie Park Boulevard,1256.8,1417.51,439.82,226.35,1653.54,401.34,M-489,SWR MEMO 7-28-04; NSWR MEMO 10-08-04
188 Somersly Place,1256.8,1417.51,439.82,226.35,1653.54,401.34,M-489,SWR MEMO 7-28-04; NSWR MEMO 10-08-04
189 Somersly Place,1256.8,1417.51,439.82,226.35,1653.54,401.34,M-489,SWR MEMO 7-28-04; NSWR MEMO 10-08-04
193 Somersly Place,1256.8,1417.51,439.82,226.35,1653.54,401.34,M-489,SWR MEMO 7-28-04; NSWR MEMO 10-08-04
3876 Ormesby Place,1256.8,1417.51,439.82,226.35,1653.54,401.34,M-489,SWR MEMO 7-28-04; NSWR MEMO 4-05-06
3877 Ormesby Place,1256.8,1417.51,439.82,226.35,1653.54,401.34,M-489,SWR MEMO 7-28-04; NSWR MEMO 4-05-06
3881 Ormesby Place,1256.8,1417.51,439.82,226.35,1653.54,401.34,M-489,SWR MEMO 7-28-04; NSWR MEMO 10-08-04
3892 Leighton Lane,1256.8,1417.51,439.82,226.35,1653.54,401.34,M-489,SWR MEMO 7-28-04; NSWR MEMO 10-08-04
3893 Leighton Lane,1256.8,1417.51,439.82,226.35,1653.54,401.34,M-489,SWR MEMO 7-28-04; NSWR MEMO 10-08-04
300 Isabella Lane,1670.91,1676.83,520.27,300.93,1416.73,237.14,M-413,SWR RES282-2002; NSWR RES421-2002
301 Isabella Lane,1670.91,1676.83,520.27,300.93,1416.73,237.14,M-413,SWR RES282-2002; NSWR RES421-2002
304 Isabella Lane,1670.91,1676.83,520.27,300.93,1416.73,237.14,M-413,SWR RES282-2002; NSWR RES421-2002
304 Jane Briggs Avenue,1670.91,1676.83,520.27,300.93,1416.73,237.14,M-413,SWR RES282-2002; NSWR RES421-2002
304 Richardson Place,1670.91,1676.83,520.27,300.93,1416.73,237.14,M-413,SWR RES282-2002; NSWR RES421-2002
305 Isabella Lane,1670.91,1676.83,520.27,300.93,1416.73,237.14,M-413,SWR RES282-2002; NSWR RES421-2002
305 Jane Briggs Avenue,1670.91,1676.83,520.27,300.93,1416.73,237.14,M-413,SWR RES282-2002; NSWR RES421-2002
305 Richardson Place,1670.91,1676.83,520.27,300.93,1416.73,237.14,M-413,SWR RES282-2002; NSWR RES421-2002
308 Isabella Lane,1670.91,1676.83,520.27,300.93,1416.73,237.14,M-413,SWR RES282-2002; NSWR RES421-2002
308 Jane Briggs Avenue,1670.91,1676.83,520.27,300.93,1416.73,237.14,M-413,SWR RES282-2002; NSWR RES421-2002
308 Richardson Place,1670.91,1676.83,520.27,300.93,1416.73,237.14,M-413,SWR RES282-2002; NSWR RES421-2002
309 Isabella Lane,1670.91,1676.83,520.27,300.93,1416.73,237.14,M-413,SWR RES282-2002; NSWR RES421-2002
309 Jane Briggs Avenue,1670.91,1676.83,520.27,300.93,1416.73,237.14,M-413,SWR RES282-2002; NSWR RES421-2002
309 Richardson Place,1670.91,1676.83,520.27,300.93,1416.73,237.14,M-413,SWR RES282-2002; NSWR RES421-2002
312 Jane Briggs Avenue,1670.91,1676.83,520.27,300.93,1416.73,237.14,M-413,SWR RES282-2002; NSWR RES421-2002
312 Richardson Place,1670.91,1676.83,520.27,300.93,1416.73,237.14,M-413,SWR RES282-2002; NSWR RES421-2002
313 Jane Briggs Avenue,1670.91,1676.83,520.27,300.93,1416.73,237.14,M-413,SWR RES282-2002; NSWR RES421-2002
313 Richardson Place,1670.91,1676.83,520.27,300.93,1416.73,237.14,M-413,SWR RES282-2002; NSWR RES421-2002
316 Jane Briggs Avenue,1670.91,1676.83,520.27,300.93,1416.73,237.14,M-413,SWR RES282-2002; NSWR RES421-2002
316 Richardson Place,1670.91,1676.83,520.27,300.93,1416.73,237.14,M-413,SWR RES282-2002; NSWR RES421-2002
317 Jane Briggs Avenue,1670.91,1676.83,520.27,300.93,1416.73,237.14,M-413,SWR RES282-2002; NSWR RES421-2002
317 Richardson Place,1670.91,1676.83,520.27,300.93,1416.73,237.14,M-413,SWR RES282-2002; NSWR RES421-2002
321 Jane Briggs Avenue,1670.91,1676.83,520.27,300.93,1416.73,237.14,M-413,SWR RES282-2002;NSWR RES421-2002
325 Jane Briggs Avenue,1670.91,1676.83,520.27,300.93,1416.73,237.14,M-413,SWR RES282-2002;NSWR RES421-2002
326 Jane Briggs Avenue,1670.91,1676.83,520.27,300.93,1416.73,237.14,M-413,SWR RES282-2002; NSWR RES421-2002
329 Jane Briggs Avenue,1670.91,1676.83,520.27,300.93,1416.73,237.14,M-413,SWR RES282-2002;NSWR RES421-2002
333 Jane Briggs Avenue,1670.91,1676.83,520.27,300.93,1416.73,237.14,M-413,SWR RES282-2002;NSWR RES421-2002
337 Jane Briggs Avenue,1670.91,1676.83,520.27,300.93,1416.73,237.14,M-413,SWR RES282-2002;NSWR RES421-2002
340 Jane Briggs Avenue,1670.91,1676.83,520.27,300.93,1416.73,237.14,M-413,SWR RES282-2002;NSWR RES421-2002
341 Jane Briggs Avenue,1670.91,1676.83,520.27,300.93,1416.73,237.14,M-413,SWR RES282-2002;NSWR RES421-2002
345 Jane Briggs Avenue,1670.91,1676.83,520.27,300.93,1416.73,237.14,M-413,SWR RES282-2002;NSWR RES421-2002
349 Jane Briggs Avenue,1670.91,1676.83,520.27,300.93,1416.73,237.14,M-413,SWR RES282-2002;NSWR RES421-2002
352 Jane Briggs Avenue,1670.91,1676.83,520.27,300.93,1416.73,237.14,M-413,SWR RES282-2002;NSWR RES421-2002
353 Jane Briggs Avenue,1670.91,1676.83,520.27,300.93,1416.73,237.14,M-413,SWR RES282-2002;NSWR RES421-2002
357 Jane Briggs Avenue,1670.91,1676.83,520.27,300.93,1416.73,237.14,M-413,SWR RES282-2002;NSWR RES421-2002
360 Jane Briggs Avenue,1670.91,1676.83,520.27,300.93,1416.73,237.14,M-413,SWR RES282-2002;NSWR RES421-2002
361 Jane Briggs Avenue,1670.91,1676.83,520.27,300.93,1416.73,237.14,M-413,SWR RES282-2002;NSWR RES421-2002
365 Jane Briggs Avenue,1670.91,1676.83,520.27,300.93,1416.73,237.14,M-413,SWR RES282-2002;NSWR RES421-2002
369 Jane Briggs Avenue,1670.91,1676.83,520.27,300.93,1416.73,237.14,M-413,SWR RES282-2002;NSWR RES421-2002
372 Jane Briggs Avenue,1670.91,1676.83,520.27,300.93,1416.73,237.14,M-413,SWR RES282-2002;NSWR RES421-2002
373 Jane Briggs Avenue,1670.91,1676.83,520.27,300.93,1416.73,237.14,M-413,SWR RES282-2002;NSWR RES421-2002
376 Jane Briggs Avenue,1670.91,1676.83,520.27,300.93,1416.73,237.14,M-413,SWR RES282-2002;NSWR RES421-2002
377 Jane Briggs Avenue,1670.91,1676.83,520.27,300.93,1416.73,237.14,M-413,SWR RES282-2002;NSWR RES421-2002
405 Lanarkshire Place,1670.91,1676.83,520.27,300.93,1416.73,237.14,M-413,SWR RES282-2002;NSWR RES421-2002
4428 Stuart Hall Boulevard,1670.91,1676.83,520.27,300.93,1416.73,237.14,M-413,SWR RES282-2002;NSWR RES421-2002
4432 Stuart Hall Boulevard,1670.91,1676.83,520.27,300.93,1416.73,237.14,M-413,SWR RES282-2002;NSWR RES421-2002
4433 Stuart Hall Boulevard,1670.91,1676.83,520.27,300.93,1416.73,237.14,M-413,SWR RES282-2002;NSWR RES421-2002
4436 Stuart Hall Boulevard,1670.91,1676.83,520.27,300.93,1416.73,237.14,M-413,SWR RES282-2002;NSWR RES421-2002
4437 Stuart Hall Boulevard,1670.91,1676.83,520.27,300.93,1416.73,237.14,M-413,SWR RES282-2002;NSWR RES421-2002
4444 Stuart Hall Boulevard,1670.91,1676.83,520.27,300.93,1416.73,237.14,M-413,SWR RES282-2002;NSWR RES421-2002
4448 Stuart Hall Boulevard,1670.91,1676.83,520.27,300.93,1416.73,237.14,M-413,SWR RES282-2002;NSWR RES421-2002
4452 Stuart Hall Boulevard,1670.91,1676.83,520.27,300.93,1416.73,237.14,M-413,SWR RES282-2002;NSWR RES421-2002
4456 Stuart Hall Boulevard,1670.91,1676.83,520.27,300.93,1416.73,237.14,M-413,SWR RES282-2002;NSWR RES421-2002
4460 Stuart Hall Boulevard,1670.91,1676.83,520.27,300.93,1416.73,237.14,M-413,SWR RES282-2002;NSWR RES421-2002
4461 Stuart Hall Boulevard,1670.91,1676.83,520.27,300.93,1416.73,237.14,M-413,SWR RES282-2002;NSWR RES421-2002
4465 Stuart Hall Boulevard,1670.91,1676.83,520.27,300.93,1416.73,237.14,M-413,SWR RES282-2002;NSWR RES421-2002
317 Hays Boulevard,1681.39,1812.58,562.4,302.82,1896.84,417.33,M-409,SWR RES282-2002; NSWR RES406-2002
325 Hays Boulevard,1681.39,1812.58,562.4,302.82,1896.84,417.33,M-409,SWR RES282-2002; NSWR RES406-2002
329 Hays Boulevard,1681.39,1812.58,562.4,302.82,1896.84,417.33,M-409,SWR RES282-2002; NSWR RES406-2002
333 Hays Boulevard,1681.39,1812.58,562.4,302.82,1896.84,417.33,M-409,SWR RES282-2002; NSWR RES406-2002
4192 Needlerush Drive,1826.36,1523.31,698.7,670.83,2007.66,211.37,M-409,SWR RES282-2002;NSWR RES406-2002
4193 Needlerush Drive,1826.36,1523.31,698.7,670.83,2007.66,211.37,M-409,SWR RES282-2002;NSWR RES406-2002
4196 Needlerush Drive,1826.36,1523.31,698.7,670.83,2007.66,211.37,M-409,SWR RES282-2002;NSWR RES406-2002
4197 Needlerush Drive,1826.36,1523.31,698.7,670.83,2007.66,211.37,M-409,SWR RES282-2002;NSWR RES406-2002
4200 Needlerush Drive,1826.36,1523.31,698.7,670.83,2007.66,211.37,M-409,SWR RES282-2002;NSWR RES406-2002
4201 Needlerush Drive,1826.36,1523.31,698.7,670.83,2007.66,211.37,M-409,SWR RES282-2002;NSWR RES406-2002
4204 Needlerush Drive,1826.36,1523.31,698.7,670.83,2007.66,211.37,M-409,SWR RES282-2002;NSWR RES406-2002
4208 Needlerush Drive,1826.36,1523.31,698.7,670.83,2007.66,211.37,M-409,SWR RES282-2002;NSWR RES406-2002
4209 Needlerush Drive,1826.36,1523.31,698.7,670.83,2007.66,211.37,M-409,SWR RES282-2002;NSWR RES406-2002
4212 Needlerush Drive,1826.36,1523.31,698.7,670.83,2007.66,211.37,M-409,SWR RES282-2002;NSWR RES406-2002
4216 Needlerush Drive,1826.36,1523.31,698.7,670.83,2007.66,211.37,M-409,SWR RES282-2002;NSWR RES406-2002
4217 Needlerush Drive,1826.36,1523.31,698.7,670.83,2007.66,211.37,M-409,SWR RES282-2002;NSWR RES406-2002
4220 Needlerush Drive,1826.36,1523.31,698.7,670.83,2007.66,211.37,M-409,SWR RES282-2002;NSWR RES406-2002
4221 Needlerush Drive,1826.36,1523.31,698.7,670.83,2007.66,211.37,M-409,SWR RES282-2002;NSWR RES406-2002
4224 Needlerush Drive,1826.36,1523.31,698.7,670.83,2007.66,211.37,M-409,SWR RES282-2002;NSWR RES406-2002
4225 Needlerush Drive,1826.36,1523.31,698.7,670.83,2007.66,211.37,M-409,SWR RES282-2002;NSWR RES406-2002
4228 Needlerush Drive,1826.36,1523.31,698.7,670.83,2007.66,211.37,M-409,SWR RES282-2002;NSWR RES406-2002
4352 Stuart Hall Boulevard,1681.39,1812.58,562.4,302.82,1896.84,417.33,M-409,SWR RES282-2002;NSWR RES406-2002
4356 Stuart Hall Boulevard,1681.39,1812.58,562.4,302.82,1896.84,417.33,M-409,SWR RES282-2002;NSWR RES406-2002
4360 Stuart Hall Boulevard,1681.39,1812.58,562.4,302.82,1896.84,417.33,M-409,SWR RES282-2002;NSWR RES406-2002
4364 Stuart Hall Boulevard,1681.39,1812.58,562.4,302.82,1896.84,417.33,M-409,SWR RES282-2002;NSWR RES406-2002
4368 Stuart Hall Boulevard,1681.39,1812.58,562.4,302.82,1896.84,417.33,M-409,SWR RES282-2002;NSWR RES406-2002
4372 Stuart Hall Boulevard,1681.39,1812.58,562.4,302.82,1896.84,417.33,M-409,SWR RES282-2002;NSWR RES406-2002
632 Maidencane Drive,1826.36,1523.31,698.7,670.83,2007.66,211.37,M-409,SWR RES282-2002;NSWR RES406-2002
636 Maidencane Drive,1826.36,1523.31,698.7,670.83,2007.66,211.37,M-409,SWR RES282-2002;NSWR RES406-2002
644 Maidencane Drive,1826.36,1523.31,698.7,670.83,2007.66,211.37,M-409,SWR RES282-2002;NSWR RES406-2002
648 Maidencane Drive,1826.36,1523.31,698.7,670.83,2007.66,211.37,M-409,SWR RES282-2002;NSWR RES406-2002
656 Maidencane Drive,1826.36,1523.31,698.7,670.83,2007.66,211.37,M-409,SWR RES282-2002;NSWR RES406-2002
2992 Mahala Lane,1977.36,928.3,478.49,656.36,798.96,218.11,M-271,SWR & NSWR MEMO 12-10-02
2997 Mahala Lane,1977.36,928.3,478.49,656.36,798.96,218.11,M-271,SWR & NSWR MEMO 12-10-02
3005 Many Oaks Park,,928.3,478.49,,,,M-168,SWR MEMO 12-10-02
3009 Many Oaks Park,,928.3,478.49,,,,M-168,SWR MEMO 12-10-02
3012 Many Oaks Park,,928.3,478.49,,,,M-168,SWR MEMO 12-10-02
3013 Many Oaks Park,,928.3,478.49,,,,M-168,SWR MEMO 12-10-02
3016 Many Oaks Park,,928.3,478.49,,,,M-168,SWR MEMO 12-10-02
3017 Many Oaks Park,,928.3,478.49,,,,M-168,SWR MEMO 12-10-02
3020 Many Oaks Park,,928.3,478.49,,,,M-168,SWR MEMO 12-10-02
3021 Many Oaks Park,,928.3,478.49,,,,M-168,SWR MEMO 12-10-02
3024 Many Oaks Park,,928.3,478.49,,,,M-168,SWR MEMO 12-10-02
3025 Many Oaks Park,,928.3,478.49,,,,M-168,SWR MEMO 12-10-02
3028 Many Oaks Park,,928.3,478.49,,,,M-168,SWR MEMO 12-10-02
3029 Many Oaks Park,,928.3,478.49,,,,M-168,SWR MEMO 12-10-02
3032 Many Oaks Park,,928.3,478.49,,,,M-168,SWR MEMO 12-10-02
3033 Many Oaks Park,,928.3,478.49,,,,M-168,SWR MEMO 12-10-02
3036 Many Oaks Park,,928.3,478.49,,,,M-168,SWR MEMO 12-10-02
3037 Many Oaks Park,,928.3,478.49,,,,M-168,SWR MEMO 12-10-02
3041 Many Oaks Park,,928.3,478.49,,,,M-168,SWR MEMO 12-10-02
3045 Many Oaks Park,,928.3,478.49,,,,M-168,SWR MEMO 12-10-02
3049 Many Oaks Park,,928.3,478.49,,,,M-168,SWR MEMO 12-10-02
3053 Many Oaks Park,,928.3,478.49,,,,M-168,SWR MEMO 12-10-02
3057 Many Oaks Park,,928.3,478.49,,,,M-168,SWR MEMO 12-10-02
3061 Many Oaks Park,,928.3,478.49,,,,M-168,SWR MEMO 12-10-02
3065 Many Oaks Park,,928.3,478.49,,,,M-168,SWR MEMO 12-10-02
3069 Many Oaks Park,,928.3,478.49,,,,M-168,SWR MEMO 12-10-02
3073 Many Oaks Park,,928.3,478.49,,,,M-168,SWR MEMO 12-10-02
3077 Many Oaks Park,,928.3,478.49,,,,M-168,SWR MEMO 12-10-02
3081 Many Oaks Park,,928.3,478.49,,,,M-168,SWR MEMO 12-10-02
3085 Many Oaks Park,,928.3,478.49,,,,M-168,SWR MEMO 12-10-02
3088 Many Oaks Park,,928.3,478.49,,,,M-168,SWR MEMO 12-10-02
3089 Many Oaks Park,,928.3,478.49,,,,M-168,SWR MEMO 12-10-02
3092 Many Oaks Park,,928.3,478.49,,,,M-168,SWR MEMO 12-10-02
3093 Many Oaks Park,,928.3,478.49,,,,M-168,SWR MEMO 12-10-02
3096 Many Oaks Park,,928.3,478.49,,,,M-168,SWR MEMO 12-10-02
3097 Many Oaks Park,,928.3,478.49,,,,M-168,SWR MEMO 12-10-02
3100 Many Oaks Park,,928.3,478.49,,,,M-168,SWR MEMO 12-10-02
3101 Many Oaks Park,1977.36,928.3,478.49,656.36,798.96,218.11,M-168,SWR MEMO 12-10-02;NSWR RES698-2000
3101 Scottish Trace,1977.36,928.3,478.49,656.36,798.96,218.11,M-168,SWR MEMO 12-10-02;NSWR RES698-2000
3104 Many Oaks Park,1977.36,928.3,478.49,656.36,798.96,218.11,M-168,SWR MEMO 12-10-02;NSWR RES698-2000
3105 Many Oaks Park,1977.36,928.3,478.49,656.36,798.96,218.11,M-168,SWR MEMO 12-10-02;NSWR RES698-2000
3105 Scottish Trace,1977.36,928.3,478.49,656.36,798.96,218.11,M-168,SWR MEMO 12-10-02;NSWR RES698-2000
3108 Many Oaks Park,1977.36,928.3,478.49,656.36,798.96,218.11,M-168,SWR MEMO 12-10-02;NSWR RES698-2000
3109 Many Oaks Park,1977.36,928.3,478.49,656.36,798.96,218.11,M-168,SWR MEMO 12-10-02;NSWR RES698-2000
3109 Scottish Trace,1977.36,928.3,478.49,656.36,798.96,218.11,M-168,SWR MEMO 12-10-02;NSWR RES698-2000
3112 Many Oaks Park,1977.36,928.3,478.49,656.36,798.96,218.11,M-168,SWR MEMO 12-10-02;NSWR RES698-2000
3113 Many Oaks Park,1977.36,928.3,478.49,656.36,798.96,218.11,M-168,SWR MEMO 12-10-02;NSWR RES698-2000
3113 Scottish Trace,1977.36,928.3,478.49,656.36,798.96,218.11,M-168,SWR MEMO 12-10-02;NSWR RES698-2000
3116 Many Oaks Park,1977.36,928.3,478.49,656.36,798.96,218.11,M-168,SWR MEMO 12-10-02;NSWR RES698-2000
3117 Many Oaks Park,1977.36,928.3,478.49,656.36,798.96,218.11,M-168,SWR MEMO 12-10-02;NSWR RES698-2000
3117 Scottish Trace,1977.36,928.3,478.49,656.36,798.96,218.11,M-168,SWR MEMO 12-10-02;NSWR RES698-2000
3120 Scottish Trace,1977.36,928.3,478.49,656.36,798.96,218.11,M-168,SWR MEMO 12-10-02;NSWR RES698-2000
3121 Many Oaks Park,1977.36,928.3,478.49,656.36,798.96,218.11,M-168,SWR MEMO 12-10-02;NSWR RES698-2000
3124 Scottish Trace,1977.36,928.3,478.49,656.36,798.96,218.11,M-168,SWR MEMO 12-10-02;NSWR RES698-2000
3317 Scottish Trace,1977.36,928.3,478.49,656.36,798.96,218.11,M-168,SWR MEMO 12-10-02;NSWR RES698-2000
3321 Scottish Trace,1977.36,928.3,478.49,656.36,798.96,218.11,M-168,SWR MEMO 12-10-02;NSWR RES698-2000
3325 Scottish Trace,1977.36,928.3,478.49,656.36,798.96,218.11,M-168,SWR MEMO 12-10-02;NSWR RES698-2000
3329 Scottish Trace,1977.36,928.3,478.49,656.36,798.96,218.11,M-168,SWR MEMO 12-10-02;NSWR RES698-2000
2300 Iris Cove,,928.3,478.49,,,,M-167,SWR MEMO 12-10-02
2300 Lilac Park,1977.36,928.3,478.49,656.36,798.96,218.11,M-167,SWR MEMO 12-10-02; NSWR RES698-2000
2304 Iris Cove,,928.3,478.49,,,,M-167,SWR MEMO 12-10-02
2304 Lilac Park,1977.36,928.3,478.49,656.36,798.96,218.11,M-167,SWR MEMO 12-10-02; NSWR RES698-2000
2308 Iris Cove,,928.3,478.49,,,,M-167,SWR MEMO 12-10-02
2308 Lilac Park,1977.36,928.3,478.49,656.36,798.96,218.11,M-167,SWR MEMO 12-10-02; NSWR RES698-2000
2309 Lilac Park,1977.36,928.3,478.49,656.36,798.96,218.11,M-167,SWR MEMO 12-10-02; NSWR RES698-2000
2312 Lilac Park,1977.36,928.3,478.49,656.36,798.96,218.11,M-167,SWR MEMO 12-10-02; NSWR RES698-2000
2313 Lilac Park,1977.36,928.3,478.49,656.36,798.96,218.11,M-167,SWR MEMO 12-10-02; NSWR RES698-2000
2316 Lilac Park,1977.36,928.3,478.49,656.36,798.96,218.11,M-167,SWR MEMO 12-10-02; NSWR RES698-2000
2317 Lilac Park,1977.36,928.3,478.49,656.36,798.96,218.11,M-167,SWR MEMO 12-10-02; NSWR RES698-2000
2320 Lilac Park,1977.36,928.3,478.49,656.36,798.96,218.11,M-167,SWR MEMO 12-10-02; NSWR RES698-2000
2321 Lilac Park,1977.36,928.3,478.49,656.36,798.96,218.11,M-167,SWR MEMO 12-10-02; NSWR RES698-2000
3228 Scottish Trace,1977.36,928.3,478.49,656.36,798.96,218.11,M-167,SWR MEMO 12-10-02;NSWR RES698-2000
3232 Scottish Trace,1977.36,928.3,478.49,656.36,798.96,218.11,M-167,SWR MEMO 12-10-02;NSWR RES698-2000
3233 Scottish Trace,1977.36,928.3,478.49,656.36,798.96,218.11,M-167,SWR MEMO 12-10-02;NSWR RES698-2000
3236 Scottish Trace,1977.36,928.3,478.49,656.36,798.96,218.11,M-167,SWR MEMO 12-10-02;NSWR RES698-2000
3240 Scottish Trace,1977.36,928.3,478.49,656.36,798.96,218.11,M-167,SWR MEMO 12-10-02;NSWR RES698-2000
3244 Scottish Trace,1977.36,928.3,478.49,656.36,798.96,218.11,M-167,SWR MEMO 12-10-02;NSWR RES698-2000
3248 Scottish Trace,1977.36,928.3,478.49,656.36,798.96,218.11,M-167,SWR MEMO 12-10-02;NSWR RES698-2000
3252 Scottish Trace,1977.36,928.3,478.49,656.36,798.96,218.11,M-167,SWR MEMO 12-10-02;NSWR RES698-2000
3253 Scottish Trace,1977.36,928.3,478.49,656.36,798.96,218.11,M-167,SWR MEMO 12-10-02;NSWR RES698-2000
3256 Scottish Trace,,928.3,478.49,,,,M-167,SWR MEMO 12-10-02
3261 Scottish Trace,,928.3,478.49,,,,M-167,SWR MEMO 12-10-02
3265 Scottish Trace,,928.3,478.49,,,,M-167,SWR MEMO 12-10-02
3272 Scottish Trace,,928.3,478.49,,,,M-167,SWR MEMO 12-10-02
3277 Scottish Trace,,928.3,478.49,,,,M-167,SWR MEMO 12-10-02
3281 Scottish Trace,,928.3,478.49,,,,M-167,SWR MEMO 12-10-02
3285 Scottish Trace,,928.3,478.49,,,,M-167,SWR MEMO 12-10-02
3289 Scottish Trace,,928.3,478.49,,,,M-167,SWR MEMO 12-10-02
3292 Scottish Trace,,928.3,478.49,,,,M-167,SWR MEMO 12-10-02
3293 Scottish Trace,,928.3,478.49,,,,M-167,SWR MEMO 12-10-02
3297 Scottish Trace,,928.3,478.49,,,,M-167,SWR MEMO 12-10-02
3301 Scottish Trace,,928.3,478.49,,,,M-167,SWR MEMO 12-10-02
3305 Scottish Trace,,928.3,478.49,,,,M-167,SWR MEMO 12-10-02
3309 Scottish Trace,,928.3,478.49,,,,M-167,SWR MEMO 12-10-02
2264 Barrington Lane,,928.3,478.49,,,,M-166,SWR MEMO 12-10-02
2265 Barrington Lane,1977.36,928.3,478.49,656.36,798.96,218.11,M-166,SWR MEMO 12-10-02; NSWR RES698-2000
3140 Scottish Trace,,928.3,478.49,,,,M-166,SWR MEMO 12-10-02
3144 Scottish Trace,,928.3,478.49,,,,M-166,SWR MEMO 12-10-02
3148 Scottish Trace,,928.3,478.49,,,,M-166,SWR MEMO 12-10-02
3152 Scottish Trace,,928.3,478.49,,,,M-166,SWR MEMO 12-10-02
3156 Scottish Trace,,928.3,478.49,,,,M-166,SWR MEMO 12-10-02
3160 Scottish Trace,,928.3,478.49,,,,M-166,SWR MEMO 12-10-02
3164 Scottish Trace,,928.3,478.49,,,,M-166,SWR MEMO 12-10-02
3165 Scottish Trace,,928.3,478.49,,,,M-166,SWR MEMO 12-10-02
3169 Scottish Trace,,928.3,478.49,,,,M-166,SWR MEMO 12-10-02
3172 Scottish Trace,,928.3,478.49,,,,M-166,SWR MEMO 12-10-02
3173 Scottish Trace,,928.3,478.49,,,,M-166,SWR MEMO 12-10-02
3177 Scottish Trace,,928.3,478.49,,,,M-166,SWR MEMO 12-10-02
3180 Scottish Trace,,928.3,478.49,,,,M-166,SWR MEMO 12-10-02
3181 Scottish Trace,,928.3,478.49,,,,M-166,SWR MEMO 12-10-02
3184 Scottish Trace,,928.3,478.49,,,,M-166,SWR MEMO 12-10-02
3185 Scottish Trace,,928.3,478.49,,,,M-166,SWR MEMO 12-10-02
3189 Scottish Trace,,928.3,478.49,,,,M-166,SWR MEMO 12-10-02
3192 Scottish Trace,,928.3,478.49,,,,M-166,SWR MEMO 12-10-02
3193 Scottish Trace,,928.3,478.49,,,,M-166,SWR MEMO 12-10-02
3196 Scottish Trace,,928.3,478.49,,,,M-166,SWR MEMO 12-10-02
3200 Scottish Trace,1977.36,928.3,478.49,656.36,798.96,218.11,M-166,SWR MEMO 12-10-02;NSWR RES698-2000
3204 Scottish Trace,1977.36,928.3,478.49,656.36,798.96,218.11,M-166,SWR MEMO 12-10-02;NSWR RES698-2000
3205 Scottish Trace,1977.36,928.3,478.49,656.36,798.96,218.11,M-166,SWR MEMO 12-10-02;NSWR RES698-2000
3208 Scottish Trace,1977.36,928.3,478.49,656.36,798.96,218.11,M-166,SWR MEMO 12-10-02;NSWR RES698-2000
3209 Bledsoe Place,1977.36,928.3,478.49,656.36,798.96,218.11,M-166,SWR MEMO 12-10-02;NSWR RES698-2000
3209 Scottish Trace,1977.36,928.3,478.49,656.36,798.96,218.11,M-166,SWR MEMO 12-10-02;NSWR RES698-2000
3213 Scottish Trace,1977.36,928.3,478.49,656.36,798.96,218.11,M-166,SWR MEMO 12-10-02;NSWR RES698-2000
3216 Scottish Trace,1977.36,928.3,478.49,656.36,798.96,218.11,M-166,SWR MEMO 12-10-02;NSWR RES698-2000
3217 Scottish Trace,1977.36,928.3,478.49,656.36,798.96,218.11,M-166,SWR MEMO 12-10-02;NSWR RES698-2000
3220 Scottish Trace,1977.36,928.3,478.49,656.36,798.96,218.11,M-166,SWR MEMO 12-10-02;NSWR RES698-2000
3221 Scottish Trace,1977.36,928.3,478.49,656.36,798.96,218.11,M-166,SWR MEMO 12-10-02;NSWR RES698-2000
3224 Scottish Trace,1977.36,928.3,478.49,656.36,798.96,218.11,M-166,SWR MEMO 12-10-02;NSWR RES698-2000
3225 Scottish Trace,1977.36,928.3,478.49,656.36,798.96,218.11,M-166,SWR MEMO 12-10-02;NSWR RES698-2000
4125 Tradition Way,3849.08,5220.64,1100.52,735.88,5407.8,1335.36,L-975,SWR&NSWR RES282-2002
4134 Tradition Way,3849.08,5220.64,1100.52,735.88,5407.8,1335.36,L-975,SWR&NSWR RES282-2002
4135 Tradition Way,3849.08,5220.64,1100.52,735.88,5407.8,1335.36,L-975,SWR&NSWR RES282-2002
4143 Tradition Way,3849.08,5220.64,1100.52,735.88,5407.8,1335.36,L-975,SWR&NSWR RES282-2002
4151 Tradition Way,3849.08,5220.64,1100.52,735.88,5407.8,1335.36,L-975,SWR&NSWR RES282-2002
4161 Tradition Way,3849.08,5220.64,1100.52,735.88,5407.8,1335.36,L-975,SWR&NSWR RES282-2002
4169 Tradition Way,3849.08,5220.64,1100.52,735.88,5407.8,1335.36,L-975,SWR&NSWR RES282-2002
4170 Tradition Way,3849.08,5220.64,1100.52,735.88,5407.8,1335.36,L-975,SWR&NSWR RES282-2002
4175 Tradition Way,2886.81,3915.48,825.39,551.91,4055.85,1001.52,L-975,SWR&NSWR RES282-2002
273 Jane Briggs Avenue,2047.6,2471.2,520.93,391.47,1854.35,315.88,L-923,SWR RES755-2001;NSWR RES282-2002
276 Jane Briggs Avenue,2047.6,2471.2,520.93,391.47,1854.35,315.88,L-923,SWR RES755-2001;NSWR RES282-2002
276 Richardson Place,2047.6,2471.2,520.93,391.47,1854.35,315.88,L-923,SWR RES755-2001;NSWR RES282-2002
277 Jane Briggs Avenue,2047.6,2471.2,520.93,391.47,1854.35,315.88,L-923,SWR RES755-2001;NSWR RES282-2002
280 Jane Briggs Avenue,2047.6,2471.2,520.93,391.47,1854.35,315.88,L-923,SWR RES755-2001;NSWR RES282-2002
281 Jane Briggs Avenue,2047.6,2471.2,520.93,391.47,1854.35,315.88,L-923,SWR RES755-2001;NSWR RES282-2002
281 Richardson Place,2047.6,2471.2,520.93,391.47,1854.35,315.88,L-923,SWR RES755-2001;NSWR RES282-2002
284 Jane Briggs Avenue,2047.6,2471.2,520.93,391.47,1854.35,315.88,L-923,SWR RES755-2001;NSWR RES282-2002
284 Richardson Place,2047.6,2471.2,520.93,391.47,1854.35,315.88,L-923,SWR RES755-2001;NSWR RES282-2002
285 Jane Briggs Avenue,2047.6,2471.2,520.93,391.47,1854.35,315.88,L-923,SWR RES755-2001;NSWR RES282-2002
285 Richardson Place,2047.6,2471.2,520.93,391.47,1854.35,315.88,L-923,SWR RES755-2001;NSWR RES282-2002
288 Jane Briggs Avenue,2047.6,2471.2,520.93,391.47,1854.35,315.88,L-923,SWR RES755-2001;NSWR RES282-2002
288 Richardson Place,2047.6,2471.2,520.93,391.47,1854.35,315.88,L-923,SWR RES755-2001;NSWR RES282-2002
289 Jane Briggs Avenue,2047.6,2471.2,520.93,391.47,1854.35,315.88,L-923,SWR RES755-2001;NSWR RES282-2002
289 Richardson Place,2047.6,2471.2,520.93,391.47,1854.35,315.88,L-923,SWR RES755-2001;NSWR RES282-2002
292 Jane Briggs Avenue,2047.6,2471.2,520.93,391.47,1854.35,315.88,L-923,SWR RES755-2001;NSWR RES282-2002
293 Jane Briggs Avenue,2047.6,2471.2,520.93,391.47,1854.35,315.88,L-923,SWR RES755-2001;NSWR RES282-2002
300 Jane Briggs Avenue,2047.6,2471.2,520.93,391.47,1854.35,315.88,L-923,SWR RES755-2001;NSWR RES282-2002
300 Richardson Place,2047.6,2471.2,520.93,391.47,1854.35,315.88,L-923,SWR RES755-2001;NSWR RES282-2002
301 Jane Briggs Avenue,2047.6,2471.2,520.93,391.47,1854.35,315.88,L-923,SWR RES755-2001;NSWR RES282-2002
301 Richardson Place,2047.6,2471.2,520.93,391.47,1854.35,315.88,L-923,SWR RES755-2001;NSWR RES282-2002
312 Hays Boulevard,2047.6,2471.2,520.93,391.47,1854.35,315.88,L-923,SWR RES755-2001;NSWRRES282-2002
316 Hays Boulevard,2047.6,2471.2,520.93,391.47,1854.35,315.88,L-923,SWR RES755-2001;NSWRRES282-2002
320 Hays Boulevard,2047.6,2471.2,520.93,391.47,1854.35,315.88,L-923,SWR RES755-2001;NSWRRES282-2002
324 Hays Boulevard,2047.6,2471.2,520.93,391.47,1854.35,315.88,L-923,SWR RES755-2001;NSWRRES282-2002
328 Hays Boulevard,2047.6,2471.2,520.93,391.47,1854.35,315.88,L-923,SWR RES755-2001;NSWRRES282-2002
332 Hays Boulevard,2047.6,2471.2,520.93,391.47,1854.35,315.88,L-923,SWR RES755-2001;NSWRRES282-2002
356 Hays Boulevard,2047.6,2471.2,520.93,391.47,1854.35,315.88,L-923,SWR RES755-2001;NSWRRES282-2002
360 Hays Boulevard,2047.6,2471.2,520.93,391.47,1854.35,315.88,L-923,SWR RES755-2001;NSWRRES282-2002
364 Hays Boulevard,2047.6,2471.2,520.93,391.47,1854.35,315.88,L-923,SWR RES755-2001;NSWRRES282-2002
368 Hays Boulevard,2047.6,2471.2,520.93,391.47,1854.35,315.88,L-923,SWR RES755-2001;NSWRRES282-2002
372 Hays Boulevard,2047.6,2471.2,520.93,391.47,1854.35,315.88,L-923,SWR RES755-2001;NSWRRES282-2002
380 Hays Boulevard,2047.6,2471.2,520.93,391.47,1854.35,315.88,L-923,SWR RES755-2001;NSWRRES282-2002
4002 Livingston Lane,935.3,1774.1,835.41,587.28,2786.81,401.33,DP 13-65,SWR MEMO 7-28-04; NSWR MEMO 10-08-04
4004 Livingston Lane,935.3,1774.1,835.41,587.28,2786.81,401.33,DP 13-65,SWR MEMO 7-28-04; NSWR MEMO 10-08-04
4039 Livingston Lane,935.3,1774.1,835.41,587.28,2786.81,401.33,DP 13-65,SWR MEMO 7-28-04; NSWR MEMO 10-08-04
4041 Livingston Lane,935.3,1774.1,835.41,587.28,2786.81,401.33,DP 13-65,SWR MEMO 7-28-04; NSWR MEMO 10-08-04
4043 Livingston Lane,935.3,1774.1,835.41,587.28,2786.81,401.33,DP 13-65,SWR MEMO 7-28-04; NSWR MEMO 10-08-04
4045 Livingston Lane,935.3,1774.1,835.41,587.28,2786.81,401.33,DP 13-65,SWR MEMO 7-28-04; NSWR MEMO 10-08-04
4050 Livingston Lane,935.3,1774.1,835.41,587.28,2786.81,401.33,DP 13-65,SWR MEMO 7-28-04; NSWR MEMO 10-08-04
4052 Livingston Lane,935.3,1774.1,835.41,587.28,2786.81,401.33,DP 13-65,SWR MEMO 7-28-04; NSWR MEMO 10-08-04
4053 Livingston Lane,935.3,1774.1,835.41,587.28,2786.81,401.33,DP 13-65,SWR MEMO 7-28-04; NSWR MEMO 10-08-04
4054 Livingston Lane,935.3,1774.1,835.41,587.28,2786.81,401.33,DP 13-65,SWR MEMO 7-28-04; NSWR MEMO 10-08-04
4055 Livingston Lane,935.3,1774.1,835.41,587.28,2786.81,401.33,DP 13-65,SWR MEMO 7-28-04; NSWR MEMO 10-08-04
4057 Livingston Lane,935.3,1774.1,835.41,587.28,2786.81,401.33,DP 13-65,SWR MEMO 7-28-04; NSWR MEMO 10-08-04