[{"model": "contenttypes.contenttype", "pk": 38, "fields": {"app_label": "admin", "model": "logentry"}}, {"model": "contenttypes.contenttype", "pk": 39, "fields": {"app_label": "auth", "model": "permission"}}, {"model": "contenttypes.contenttype", "pk": 40, "fields": {"app_label": "auth", "model": "group"}}, {"model": "contenttypes.contenttype", "pk": 41, "fields": {"app_label": "auth", "model": "user"}}, {"model": "contenttypes.contenttype", "pk": 42, "fields": {"app_label": "contenttypes", "model": "contenttype"}}, {"model": "contenttypes.contenttype", "pk": 43, "fields": {"app_label": "sessions", "model": "session"}}, {"model": "contenttypes.contenttype", "pk": 44, "fields": {"app_label": "authtoken", "model": "token"}}, {"model": "contenttypes.contenttype", "pk": 45, "fields": {"app_label": "accounts", "model": "historicalaccount"}}, {"model": "contenttypes.contenttype", "pk": 46, "fields": {"app_label": "accounts", "model": "account"}}, {"model": "contenttypes.contenttype", "pk": 47, "fields": {"app_label": "accounts", "model": "historicalagreement"}}, {"model": "contenttypes.contenttype", "pk": 48, "fields": {"app_label": "accounts", "model": "agreement"}}, {"model": "contenttypes.contenttype", "pk": 49, "fields": {"app_label": "accounts", "model": "historicalpayment"}}, {"model": "contenttypes.contenttype", "pk": 50, "fields": {"app_label": "accounts", "model": "payment"}}, {"model": "contenttypes.contenttype", "pk": 51, "fields": {"app_label": "accounts", "model": "historicalproject"}}, {"model": "contenttypes.contenttype", "pk": 52, "fields": {"app_label": "accounts", "model": "project"}}, {"model": "contenttypes.contenttype", "pk": 53, "fields": {"app_label": "accounts", "model": "historicalprojectcostestimate"}}, {"model": "contenttypes.contenttype", "pk": 54, "fields": {"app_label": "accounts", "model": "projectcostestimate"}}, {"model": "contenttypes.contenttype", "pk": 55, "fields": {"app_label": "accounts", "model": "historicalaccountledger"}}, {"model": "contenttypes.contenttype", "pk": 56, "fields": {"app_label": "accounts", "model": "accountledger"}}, {"model": "contenttypes.contenttype", "pk": 57, "fields": {"app_label": "notes", "model": "historicalnote"}}, {"model": "contenttypes.contenttype", "pk": 58, "fields": {"app_label": "notes", "model": "note"}}, {"model": "contenttypes.contenttype", "pk": 59, "fields": {"app_label": "notes", "model": "historicalratetable"}}, {"model": "contenttypes.contenttype", "pk": 60, "fields": {"app_label": "notes", "model": "ratetable"}}, {"model": "contenttypes.contenttype", "pk": 61, "fields": {"app_label": "notes", "model": "historicalrate"}}, {"model": "contenttypes.contenttype", "pk": 62, "fields": {"app_label": "notes", "model": "rate"}}, {"model": "contenttypes.contenttype", "pk": 63, "fields": {"app_label": "plats", "model": "historicalsubdivision"}}, {"model": "contenttypes.contenttype", "pk": 64, "fields": {"app_label": "plats", "model": "subdivision"}}, {"model": "contenttypes.contenttype", "pk": 65, "fields": {"app_label": "plats", "model": "historicalplat"}}, {"model": "contenttypes.contenttype", "pk": 66, "fields": {"app_label": "plats", "model": "plat"}}, {"model": "contenttypes.contenttype", "pk": 67, "fields": {"app_label": "plats", "model": "historicallot"}}, {"model": "contenttypes.contenttype", "pk": 68, "fields": {"app_label": "plats", "model": "lot"}}, {"model": "contenttypes.contenttype", "pk": 69, "fields": {"app_label": "plats", "model": "historicalplatzone"}}, {"model": "contenttypes.contenttype", "pk": 70, "fields": {"app_label": "plats", "model": "platzone"}}, {"model": "contenttypes.contenttype", "pk": 71, "fields": {"app_label": "plats", "model": "historicalcalculationworksheet"}}, {"model": "contenttypes.contenttype", "pk": 72, "fields": {"app_label": "plats", "model": "calculationworksheet"}}, {"model": "sessions.session", "pk": "f8q06v900fmpega7imjy3p1fffibt48l", "fields": {"session_data": "YTE3MGRlZmY5MjhhODFkM2M4OWNmZDJiNDJjYTk4YzE1NGY1NzE0NDp7Il9hdXRoX3VzZXJfaWQiOiI1IiwiX2F1dGhfdXNlcl9iYWNrZW5kIjoiZGphbmdvLmNvbnRyaWIuYXV0aC5iYWNrZW5kcy5Nb2RlbEJhY2tlbmQiLCJfYXV0aF91c2VyX2hhc2giOiIxOTc4ZjNiMDVlNTkxZWZkMTk5NmQwYzAwY2Y3YWQzMWMxZGI1MDhhIn0=", "expire_date": "2017-07-13T17:31:49.354Z"}}, {"model": "sessions.session", "pk": "gh4w5lvwtgyusyqbjiszn2bsxeb90coi", "fields": {"session_data": "N2IxM2U3YjQ2MzZkM2MxZjhlZWQwNGI1ODM0NDE0YmExNzk1MTFhNDp7Il9hdXRoX3VzZXJfYmFja2VuZCI6ImRqYW5nby5jb250cmliLmF1dGguYmFja2VuZHMuTW9kZWxCYWNrZW5kIiwiX2F1dGhfdXNlcl9pZCI6IjUiLCJfYXV0aF91c2VyX2hhc2giOiIxOTc4ZjNiMDVlNTkxZWZkMTk5NmQwYzAwY2Y3YWQzMWMxZGI1MDhhIn0=", "expire_date": "2017-07-13T13:15:05.856Z"}}, {"model": "sessions.session", "pk": "s27h3sxv8u8c8ybj9uwu4tcsbj5ykdrh", "fields": {"session_data": "M2UzYWRjOTUwMjM4YWJmNzEzYjQyMjc3YWQ2YTVmNDBkODYzOGM2Mjp7Il9hdXRoX3VzZXJfaGFzaCI6IjE5NzhmM2IwNWU1OTFlZmQxOTk2ZDBjMDBjZjdhZDMxYzFkYjUwOGEiLCJfYXV0aF91c2VyX2lkIjoiNSIsIl9hdXRoX3VzZXJfYmFja2VuZCI6ImRqYW5nby5jb250cmliLmF1dGguYmFja2VuZHMuTW9kZWxCYWNrZW5kIn0=", "expire_date": "2017-07-13T19:20:13.986Z"}}, {"model": "auth.permission", "pk": 112, "fields": {"name": "Can add log entry", "content_type": 38, "codename": "add_logentry"}}, {"model": "auth.permission", "pk": 113, "fields": {"name": "Can change log entry", "content_type": 38, "codename": "change_logentry"}}, {"model": "auth.permission", "pk": 114, "fields": {"name": "Can delete log entry", "content_type": 38, "codename": "delete_logentry"}}, {"model": "auth.permission", "pk": 115, "fields": {"name": "Can add permission", "content_type": 39, "codename": "add_permission"}}, {"model": "auth.permission", "pk": 116, "fields": {"name": "Can change permission", "content_type": 39, "codename": "change_permission"}}, {"model": "auth.permission", "pk": 117, "fields": {"name": "Can delete permission", "content_type": 39, "codename": "delete_permission"}}, {"model": "auth.permission", "pk": 118, "fields": {"name": "Can add group", "content_type": 40, "codename": "add_group"}}, {"model": "auth.permission", "pk": 119, "fields": {"name": "Can change group", "content_type": 40, "codename": "change_group"}}, {"model": "auth.permission", "pk": 120, "fields": {"name": "Can delete group", "content_type": 40, "codename": "delete_group"}}, {"model": "auth.permission", "pk": 121, "fields": {"name": "Can add user", "content_type": 41, "codename": "add_user"}}, {"model": "auth.permission", "pk": 122, "fields": {"name": "Can change user", "content_type": 41, "codename": "change_user"}}, {"model": "auth.permission", "pk": 123, "fields": {"name": "Can delete user", "content_type": 41, "codename": "delete_user"}}, {"model": "auth.permission", "pk": 124, "fields": {"name": "Can add content type", "content_type": 42, "codename": "add_contenttype"}}, {"model": "auth.permission", "pk": 125, "fields": {"name": "Can change content type", "content_type": 42, "codename": "change_contenttype"}}, {"model": "auth.permission", "pk": 126, "fields": {"name": "Can delete content type", "content_type": 42, "codename": "delete_contenttype"}}, {"model": "auth.permission", "pk": 127, "fields": {"name": "Can add session", "content_type": 43, "codename": "add_session"}}, {"model": "auth.permission", "pk": 128, "fields": {"name": "Can change session", "content_type": 43, "codename": "change_session"}}, {"model": "auth.permission", "pk": 129, "fields": {"name": "Can delete session", "content_type": 43, "codename": "delete_session"}}, {"model": "auth.permission", "pk": 130, "fields": {"name": "Can add Token", "content_type": 44, "codename": "add_token"}}, {"model": "auth.permission", "pk": 131, "fields": {"name": "Can change Token", "content_type": 44, "codename": "change_token"}}, {"model": "auth.permission", "pk": 132, "fields": {"name": "Can delete Token", "content_type": 44, "codename": "delete_token"}}, {"model": "auth.permission", "pk": 133, "fields": {"name": "Can add historical account", "content_type": 45, "codename": "add_historicalaccount"}}, {"model": "auth.permission", "pk": 134, "fields": {"name": "Can change historical account", "content_type": 45, "codename": "change_historicalaccount"}}, {"model": "auth.permission", "pk": 135, "fields": {"name": "Can delete historical account", "content_type": 45, "codename": "delete_historicalaccount"}}, {"model": "auth.permission", "pk": 136, "fields": {"name": "Can add account", "content_type": 46, "codename": "add_account"}}, {"model": "auth.permission", "pk": 137, "fields": {"name": "Can change account", "content_type": 46, "codename": "change_account"}}, {"model": "auth.permission", "pk": 138, "fields": {"name": "Can delete account", "content_type": 46, "codename": "delete_account"}}, {"model": "auth.permission", "pk": 139, "fields": {"name": "Can add historical agreement", "content_type": 47, "codename": "add_historicalagreement"}}, {"model": "auth.permission", "pk": 140, "fields": {"name": "Can change historical agreement", "content_type": 47, "codename": "change_historicalagreement"}}, {"model": "auth.permission", "pk": 141, "fields": {"name": "Can delete historical agreement", "content_type": 47, "codename": "delete_historicalagreement"}}, {"model": "auth.permission", "pk": 142, "fields": {"name": "Can add agreement", "content_type": 48, "codename": "add_agreement"}}, {"model": "auth.permission", "pk": 143, "fields": {"name": "Can change agreement", "content_type": 48, "codename": "change_agreement"}}, {"model": "auth.permission", "pk": 144, "fields": {"name": "Can delete agreement", "content_type": 48, "codename": "delete_agreement"}}, {"model": "auth.permission", "pk": 145, "fields": {"name": "Can add historical payment", "content_type": 49, "codename": "add_historicalpayment"}}, {"model": "auth.permission", "pk": 146, "fields": {"name": "Can change historical payment", "content_type": 49, "codename": "change_historicalpayment"}}, {"model": "auth.permission", "pk": 147, "fields": {"name": "Can delete historical payment", "content_type": 49, "codename": "delete_historicalpayment"}}, {"model": "auth.permission", "pk": 148, "fields": {"name": "Can add payment", "content_type": 50, "codename": "add_payment"}}, {"model": "auth.permission", "pk": 149, "fields": {"name": "Can change payment", "content_type": 50, "codename": "change_payment"}}, {"model": "auth.permission", "pk": 150, "fields": {"name": "Can delete payment", "content_type": 50, "codename": "delete_payment"}}, {"model": "auth.permission", "pk": 151, "fields": {"name": "Can add historical project", "content_type": 51, "codename": "add_historicalproject"}}, {"model": "auth.permission", "pk": 152, "fields": {"name": "Can change historical project", "content_type": 51, "codename": "change_historicalproject"}}, {"model": "auth.permission", "pk": 153, "fields": {"name": "Can delete historical project", "content_type": 51, "codename": "delete_historicalproject"}}, {"model": "auth.permission", "pk": 154, "fields": {"name": "Can add project", "content_type": 52, "codename": "add_project"}}, {"model": "auth.permission", "pk": 155, "fields": {"name": "Can change project", "content_type": 52, "codename": "change_project"}}, {"model": "auth.permission", "pk": 156, "fields": {"name": "Can delete project", "content_type": 52, "codename": "delete_project"}}, {"model": "auth.permission", "pk": 157, "fields": {"name": "Can add historical project cost estimate", "content_type": 53, "codename": "add_historicalprojectcostestimate"}}, {"model": "auth.permission", "pk": 158, "fields": {"name": "Can change historical project cost estimate", "content_type": 53, "codename": "change_historicalprojectcostestimate"}}, {"model": "auth.permission", "pk": 159, "fields": {"name": "Can delete historical project cost estimate", "content_type": 53, "codename": "delete_historicalprojectcostestimate"}}, {"model": "auth.permission", "pk": 160, "fields": {"name": "Can add project cost estimate", "content_type": 54, "codename": "add_projectcostestimate"}}, {"model": "auth.permission", "pk": 161, "fields": {"name": "Can change project cost estimate", "content_type": 54, "codename": "change_projectcostestimate"}}, {"model": "auth.permission", "pk": 162, "fields": {"name": "Can delete project cost estimate", "content_type": 54, "codename": "delete_projectcostestimate"}}, {"model": "auth.permission", "pk": 163, "fields": {"name": "Can add historical account ledger", "content_type": 55, "codename": "add_historicalaccountledger"}}, {"model": "auth.permission", "pk": 164, "fields": {"name": "Can change historical account ledger", "content_type": 55, "codename": "change_historicalaccountledger"}}, {"model": "auth.permission", "pk": 165, "fields": {"name": "Can delete historical account ledger", "content_type": 55, "codename": "delete_historicalaccountledger"}}, {"model": "auth.permission", "pk": 166, "fields": {"name": "Can add account ledger", "content_type": 56, "codename": "add_accountledger"}}, {"model": "auth.permission", "pk": 167, "fields": {"name": "Can change account ledger", "content_type": 56, "codename": "change_accountledger"}}, {"model": "auth.permission", "pk": 168, "fields": {"name": "Can delete account ledger", "content_type": 56, "codename": "delete_accountledger"}}, {"model": "auth.permission", "pk": 169, "fields": {"name": "Can add historical note", "content_type": 57, "codename": "add_historicalnote"}}, {"model": "auth.permission", "pk": 170, "fields": {"name": "Can change historical note", "content_type": 57, "codename": "change_historicalnote"}}, {"model": "auth.permission", "pk": 171, "fields": {"name": "Can delete historical note", "content_type": 57, "codename": "delete_historicalnote"}}, {"model": "auth.permission", "pk": 172, "fields": {"name": "Can add note", "content_type": 58, "codename": "add_note"}}, {"model": "auth.permission", "pk": 173, "fields": {"name": "Can change note", "content_type": 58, "codename": "change_note"}}, {"model": "auth.permission", "pk": 174, "fields": {"name": "Can delete note", "content_type": 58, "codename": "delete_note"}}, {"model": "auth.permission", "pk": 175, "fields": {"name": "Can add historical rate table", "content_type": 59, "codename": "add_historicalratetable"}}, {"model": "auth.permission", "pk": 176, "fields": {"name": "Can change historical rate table", "content_type": 59, "codename": "change_historicalratetable"}}, {"model": "auth.permission", "pk": 177, "fields": {"name": "Can delete historical rate table", "content_type": 59, "codename": "delete_historicalratetable"}}, {"model": "auth.permission", "pk": 178, "fields": {"name": "Can add rate table", "content_type": 60, "codename": "add_ratetable"}}, {"model": "auth.permission", "pk": 179, "fields": {"name": "Can change rate table", "content_type": 60, "codename": "change_ratetable"}}, {"model": "auth.permission", "pk": 180, "fields": {"name": "Can delete rate table", "content_type": 60, "codename": "delete_ratetable"}}, {"model": "auth.permission", "pk": 181, "fields": {"name": "Can add historical rate", "content_type": 61, "codename": "add_historicalrate"}}, {"model": "auth.permission", "pk": 182, "fields": {"name": "Can change historical rate", "content_type": 61, "codename": "change_historicalrate"}}, {"model": "auth.permission", "pk": 183, "fields": {"name": "Can delete historical rate", "content_type": 61, "codename": "delete_historicalrate"}}, {"model": "auth.permission", "pk": 184, "fields": {"name": "Can add rate", "content_type": 62, "codename": "add_rate"}}, {"model": "auth.permission", "pk": 185, "fields": {"name": "Can change rate", "content_type": 62, "codename": "change_rate"}}, {"model": "auth.permission", "pk": 186, "fields": {"name": "Can delete rate", "content_type": 62, "codename": "delete_rate"}}, {"model": "auth.permission", "pk": 187, "fields": {"name": "Can add historical subdivision", "content_type": 63, "codename": "add_historicalsubdivision"}}, {"model": "auth.permission", "pk": 188, "fields": {"name": "Can change historical subdivision", "content_type": 63, "codename": "change_historicalsubdivision"}}, {"model": "auth.permission", "pk": 189, "fields": {"name": "Can delete historical subdivision", "content_type": 63, "codename": "delete_historicalsubdivision"}}, {"model": "auth.permission", "pk": 190, "fields": {"name": "Can add subdivision", "content_type": 64, "codename": "add_subdivision"}}, {"model": "auth.permission", "pk": 191, "fields": {"name": "Can change subdivision", "content_type": 64, "codename": "change_subdivision"}}, {"model": "auth.permission", "pk": 192, "fields": {"name": "Can delete subdivision", "content_type": 64, "codename": "delete_subdivision"}}, {"model": "auth.permission", "pk": 193, "fields": {"name": "Can add historical plat", "content_type": 65, "codename": "add_historicalplat"}}, {"model": "auth.permission", "pk": 194, "fields": {"name": "Can change historical plat", "content_type": 65, "codename": "change_historicalplat"}}, {"model": "auth.permission", "pk": 195, "fields": {"name": "Can delete historical plat", "content_type": 65, "codename": "delete_historicalplat"}}, {"model": "auth.permission", "pk": 196, "fields": {"name": "Can add plat", "content_type": 66, "codename": "add_plat"}}, {"model": "auth.permission", "pk": 197, "fields": {"name": "Can change plat", "content_type": 66, "codename": "change_plat"}}, {"model": "auth.permission", "pk": 198, "fields": {"name": "Can delete plat", "content_type": 66, "codename": "delete_plat"}}, {"model": "auth.permission", "pk": 199, "fields": {"name": "Can add historical lot", "content_type": 67, "codename": "add_historicallot"}}, {"model": "auth.permission", "pk": 200, "fields": {"name": "Can change historical lot", "content_type": 67, "codename": "change_historicallot"}}, {"model": "auth.permission", "pk": 201, "fields": {"name": "Can delete historical lot", "content_type": 67, "codename": "delete_historicallot"}}, {"model": "auth.permission", "pk": 202, "fields": {"name": "Can add lot", "content_type": 68, "codename": "add_lot"}}, {"model": "auth.permission", "pk": 203, "fields": {"name": "Can change lot", "content_type": 68, "codename": "change_lot"}}, {"model": "auth.permission", "pk": 204, "fields": {"name": "Can delete lot", "content_type": 68, "codename": "delete_lot"}}, {"model": "auth.permission", "pk": 205, "fields": {"name": "Can add historical plat zone", "content_type": 69, "codename": "add_historicalplatzone"}}, {"model": "auth.permission", "pk": 206, "fields": {"name": "Can change historical plat zone", "content_type": 69, "codename": "change_historicalplatzone"}}, {"model": "auth.permission", "pk": 207, "fields": {"name": "Can delete historical plat zone", "content_type": 69, "codename": "delete_historicalplatzone"}}, {"model": "auth.permission", "pk": 208, "fields": {"name": "Can add plat zone", "content_type": 70, "codename": "add_platzone"}}, {"model": "auth.permission", "pk": 209, "fields": {"name": "Can change plat zone", "content_type": 70, "codename": "change_platzone"}}, {"model": "auth.permission", "pk": 210, "fields": {"name": "Can delete plat zone", "content_type": 70, "codename": "delete_platzone"}}, {"model": "auth.permission", "pk": 211, "fields": {"name": "Can add historical calculation worksheet", "content_type": 71, "codename": "add_historicalcalculationworksheet"}}, {"model": "auth.permission", "pk": 212, "fields": {"name": "Can change historical calculation worksheet", "content_type": 71, "codename": "change_historicalcalculationworksheet"}}, {"model": "auth.permission", "pk": 213, "fields": {"name": "Can delete historical calculation worksheet", "content_type": 71, "codename": "delete_historicalcalculationworksheet"}}, {"model": "auth.permission", "pk": 214, "fields": {"name": "Can add calculation worksheet", "content_type": 72, "codename": "add_calculationworksheet"}}, {"model": "auth.permission", "pk": 215, "fields": {"name": "Can change calculation worksheet", "content_type": 72, "codename": "change_calculationworksheet"}}, {"model": "auth.permission", "pk": 216, "fields": {"name": "Can delete calculation worksheet", "content_type": 72, "codename": "delete_calculationworksheet"}}, {"model": "auth.user", "pk": 5, "fields": {"password": "bcrypt_sha256$$2b$12$PP9v0nzrfqKl4NqtucvVZ.gTY5Q.mcFn369W/gX2QA3kTaRFW8BbS", "last_login": "2017-06-29T19:20:13.981Z", "is_superuser": true, "username": "kelly", "first_name": "Kelly", "last_name": "Wright", "email": "kellyre82@yahoo.com", "is_staff": true, "is_active": true, "date_joined": "2017-06-29T13:14:44Z", "groups": [], "user_permissions": []}}, {"model": "auth.user", "pk": 6, "fields": {"password": "bcrypt_sha256$$2b$12$WjyHx1N49cGH44aqckTnTOOM/iRmJhZAsbxRu4roeEGWnDmrwFYLe", "last_login": null, "is_superuser": false, "username": "test", "first_name": "test", "last_name": "test", "email": "", "is_staff": false, "is_active": true, "date_joined": "2017-06-29T17:37:25Z", "groups": [], "user_permissions": []}}, {"model": "authtoken.token", "pk": "b1e4e53e1c01d8110d8456a8373bcd05c94adfb2", "fields": {"user": 6, "created": "2017-06-29T17:43:23.563Z"}}, {"model": "authtoken.token", "pk": "f9d265d2f57facd6ef99b3ce5cbe01c5f627bd83", "fields": {"user": 5, "created": "2017-06-29T13:32:55.245Z"}}, {"model": "notes.historicalratetable", "pk": 1, "fields": {"id": 1, "is_active": true, "date_created": "2017-06-29", "date_modified": "2017-06-29", "begin_effective_date": "2017-06-12", "end_effective_date": "2017-11-24", "resolution_number": 1, "created_by": 5, "modified_by": 5, "history_date": "2017-06-29T20:19:45.824Z", "history_change_reason": null, "history_user": 5, "history_type": "+"}}, {"model": "notes.ratetable", "pk": 1, "fields": {"is_active": true, "date_created": "2017-06-29", "date_modified": null, "created_by": 5, "modified_by": 5, "begin_effective_date": "2017-06-12", "end_effective_date": "2017-11-24", "resolution_number": 1}}, {"model": "notes.historicalrate", "pk": 1, "fields": {"id": 1, "is_active": true, "date_created": "2017-06-29", "date_modified": "2017-06-29", "expansion_area": "2A", "zone": "EAR-1", "category": "ROADS", "rate": "7583.97", "created_by": 5, "modified_by": 5, "rate_table_id": 1, "history_date": "2017-06-29T20:40:45.324Z", "history_change_reason": null, "history_user": 5, "history_type": "+"}}, {"model": "notes.historicalrate", "pk": 2, "fields": {"id": 2, "is_active": true, "date_created": "2017-06-29", "date_modified": "2017-06-29", "expansion_area": "2A", "zone": "EAR-1", "category": "OPEN_SPACE", "rate": "1000.00", "created_by": 5, "modified_by": 5, "rate_table_id": 1, "history_date": "2017-06-29T20:44:47.093Z", "history_change_reason": null, "history_user": 5, "history_type": "+"}}, {"model": "notes.historicalrate", "pk": 3, "fields": {"id": 3, "is_active": true, "date_created": "2017-06-29", "date_modified": "2017-06-29", "expansion_area": "2A", "zone": "EAR-1", "category": "SEWER_CAP", "rate": "2081.59", "created_by": 5, "modified_by": 5, "rate_table_id": 1, "history_date": "2017-06-29T20:45:11.600Z", "history_change_reason": null, "history_user": 5, "history_type": "+"}}, {"model": "notes.historicalrate", "pk": 4, "fields": {"id": 4, "is_active": true, "date_created": "2017-06-29", "date_modified": "2017-06-29", "expansion_area": "2A", "zone": "EAR-1", "category": "SEWER_TRANS", "rate": "2123.08", "created_by": 5, "modified_by": 5, "rate_table_id": 1, "history_date": "2017-06-29T20:47:08.669Z", "history_change_reason": null, "history_user": 5, "history_type": "+"}}, {"model": "notes.historicalrate", "pk": 5, "fields": {"id": 5, "is_active": true, "date_created": "2017-06-29", "date_modified": "2017-06-29", "expansion_area": "2A", "zone": "EAR-1", "category": "PARK", "rate": "2367.61", "created_by": 5, "modified_by": 5, "rate_table_id": 1, "history_date": "2017-06-29T20:47:39.256Z", "history_change_reason": null, "history_user": 5, "history_type": "+"}}, {"model": "notes.historicalrate", "pk": 6, "fields": {"id": 6, "is_active": true, "date_created": "2017-06-29", "date_modified": "2017-06-29", "expansion_area": "2A", "zone": "EAR-1", "category": "STORM_WATER", "rate": "3509.07", "created_by": 5, "modified_by": 5, "rate_table_id": 1, "history_date": "2017-06-29T20:48:02.296Z", "history_change_reason": null, "history_user": 5, "history_type": "+"}}, {"model": "notes.historicalrate", "pk": 7, "fields": {"id": 7, "is_active": true, "date_created": "2017-06-29", "date_modified": "2017-06-29", "expansion_area": "2A", "zone": "EAR-1SRA", "category": "ROADS", "rate": "2275.19", "created_by": 5, "modified_by": 5, "rate_table_id": 1, "history_date": "2017-06-29T20:51:40.442Z", "history_change_reason": null, "history_user": 5, "history_type": "+"}}, {"model": "notes.historicalrate", "pk": 8, "fields": {"id": 8, "is_active": true, "date_created": "2017-06-29", "date_modified": "2017-06-29", "expansion_area": "2A", "zone": "EAR-1SRA", "category": "OPEN_SPACE", "rate": "1000.00", "created_by": 5, "modified_by": 5, "rate_table_id": 1, "history_date": "2017-06-29T20:52:00.040Z", "history_change_reason": null, "history_user": 5, "history_type": "+"}}, {"model": "notes.historicalrate", "pk": 9, "fields": {"id": 9, "is_active": true, "date_created": "2017-06-29", "date_modified": "2017-06-29", "expansion_area": "2A", "zone": "EAR-1SRA", "category": "SEWER_CAP", "rate": "624.48", "created_by": 5, "modified_by": 5, "rate_table_id": 1, "history_date": "2017-06-29T20:52:23.307Z", "history_change_reason": null, "history_user": 5, "history_type": "+"}}, {"model": "notes.historicalrate", "pk": 10, "fields": {"id": 10, "is_active": true, "date_created": "2017-06-29", "date_modified": "2017-06-29", "expansion_area": "2A", "zone": "EAR-1SRA", "category": "SEWER_TRANS", "rate": "636.92", "created_by": 5, "modified_by": 5, "rate_table_id": 1, "history_date": "2017-06-29T20:52:48.764Z", "history_change_reason": null, "history_user": 5, "history_type": "+"}}, {"model": "notes.historicalrate", "pk": 11, "fields": {"id": 11, "is_active": true, "date_created": "2017-06-29", "date_modified": "2017-06-29", "expansion_area": "2A", "zone": "EAR-1SRA", "category": "PARK", "rate": "710.28", "created_by": 5, "modified_by": 5, "rate_table_id": 1, "history_date": "2017-06-29T20:53:11.248Z", "history_change_reason": null, "history_user": 5, "history_type": "+"}}, {"model": "notes.historicalrate", "pk": 12, "fields": {"id": 12, "is_active": true, "date_created": "2017-06-29", "date_modified": "2017-06-29", "expansion_area": "2A", "zone": "EAR-1SRA", "category": "STORM_WATER", "rate": "701.81", "created_by": 5, "modified_by": 5, "rate_table_id": 1, "history_date": "2017-06-29T20:53:32.773Z", "history_change_reason": null, "history_user": 5, "history_type": "+"}}, {"model": "notes.historicalrate", "pk": 13, "fields": {"id": 13, "is_active": true, "date_created": "2017-06-29", "date_modified": "2017-06-29", "expansion_area": "2A", "zone": "EAR-2", "category": "ROADS", "rate": "17063.93", "created_by": 5, "modified_by": 5, "rate_table_id": 1, "history_date": "2017-06-29T20:53:59.481Z", "history_change_reason": null, "history_user": 5, "history_type": "+"}}, {"model": "notes.historicalrate", "pk": 14, "fields": {"id": 14, "is_active": true, "date_created": "2017-06-29", "date_modified": "2017-06-29", "expansion_area": "2A", "zone": "EAR-2", "category": "OPEN_SPACE", "rate": "1000.00", "created_by": 5, "modified_by": 5, "rate_table_id": 1, "history_date": "2017-06-29T20:54:19.758Z", "history_change_reason": null, "history_user": 5, "history_type": "+"}}, {"model": "notes.historicalrate", "pk": 15, "fields": {"id": 15, "is_active": true, "date_created": "2017-06-29", "date_modified": "2017-06-29", "expansion_area": "2A", "zone": "EAR-2", "category": "SEWER_CAP", "rate": "4167.28", "created_by": 5, "modified_by": 5, "rate_table_id": 1, "history_date": "2017-06-29T20:55:12.266Z", "history_change_reason": null, "history_user": 5, "history_type": "+"}}, {"model": "notes.historicalrate", "pk": 16, "fields": {"id": 16, "is_active": true, "date_created": "2017-06-29", "date_modified": "2017-06-29", "expansion_area": "2A", "zone": "EAR-2", "category": "SEWER_TRANS", "rate": "4250.33", "created_by": 5, "modified_by": 5, "rate_table_id": 1, "history_date": "2017-06-29T20:55:41.054Z", "history_change_reason": null, "history_user": 5, "history_type": "+"}}, {"model": "notes.historicalrate", "pk": 17, "fields": {"id": 17, "is_active": true, "date_created": "2017-06-29", "date_modified": "2017-06-29", "expansion_area": "2A", "zone": "EAR-2", "category": "PARK", "rate": "5327.13", "created_by": 5, "modified_by": 5, "rate_table_id": 1, "history_date": "2017-06-29T20:56:08.819Z", "history_change_reason": null, "history_user": 5, "history_type": "+"}}, {"model": "notes.historicalrate", "pk": 18, "fields": {"id": 18, "is_active": true, "date_created": "2017-06-29", "date_modified": "2017-06-29", "expansion_area": "2A", "zone": "EAR-2", "category": "STORM_WATER", "rate": "5088.16", "created_by": 5, "modified_by": 5, "rate_table_id": 1, "history_date": "2017-06-29T20:56:31.676Z", "history_change_reason": null, "history_user": 5, "history_type": "+"}}, {"model": "notes.historicalrate", "pk": 19, "fields": {"id": 19, "is_active": true, "date_created": "2017-06-29", "date_modified": "2017-06-29", "expansion_area": "2A", "zone": "EAR-3", "category": "ROADS", "rate": "31852.66", "created_by": 5, "modified_by": 5, "rate_table_id": 1, "history_date": "2017-06-29T20:57:00.602Z", "history_change_reason": null, "history_user": 5, "history_type": "+"}}, {"model": "notes.historicalrate", "pk": 20, "fields": {"id": 20, "is_active": true, "date_created": "2017-06-29", "date_modified": "2017-06-29", "expansion_area": "2A", "zone": "EAR-3", "category": "OPEN_SPACE", "rate": "1000.00", "created_by": 5, "modified_by": 5, "rate_table_id": 1, "history_date": "2017-06-29T20:57:27.703Z", "history_change_reason": null, "history_user": 5, "history_type": "+"}}, {"model": "notes.historicalrate", "pk": 21, "fields": {"id": 21, "is_active": true, "date_created": "2017-06-29", "date_modified": "2017-06-29", "expansion_area": "2A", "zone": "EAR-3", "category": "SEWER_CAP", "rate": "8949.21", "created_by": 5, "modified_by": 5, "rate_table_id": 1, "history_date": "2017-06-29T20:57:51.264Z", "history_change_reason": null, "history_user": 5, "history_type": "+"}}, {"model": "notes.historicalrate", "pk": 22, "fields": {"id": 22, "is_active": true, "date_created": "2017-06-29", "date_modified": "2017-06-29", "expansion_area": "2A", "zone": "EAR-3", "category": "SEWER_TRANS", "rate": "9127.56", "created_by": 5, "modified_by": 5, "rate_table_id": 1, "history_date": "2017-06-29T20:58:13.761Z", "history_change_reason": null, "history_user": 5, "history_type": "+"}}, {"model": "notes.historicalrate", "pk": 23, "fields": {"id": 23, "is_active": true, "date_created": "2017-06-29", "date_modified": "2017-06-29", "expansion_area": "2A", "zone": "EAR-3", "category": "PARK", "rate": "14205.68", "created_by": 5, "modified_by": 5, "rate_table_id": 1, "history_date": "2017-06-29T20:58:42.896Z", "history_change_reason": null, "history_user": 5, "history_type": "+"}}, {"model": "notes.historicalrate", "pk": 24, "fields": {"id": 24, "is_active": true, "date_created": "2017-06-29", "date_modified": "2017-06-29", "expansion_area": "2A", "zone": "EAR-3", "category": "STORM_WATER", "rate": "12457.21", "created_by": 5, "modified_by": 5, "rate_table_id": 1, "history_date": "2017-06-29T20:59:07.772Z", "history_change_reason": null, "history_user": 5, "history_type": "+"}}, {"model": "notes.historicalrate", "pk": 25, "fields": {"id": 25, "is_active": true, "date_created": "2017-06-29", "date_modified": "2017-06-29", "expansion_area": "2A", "zone": "CC(RES)", "category": "ROADS", "rate": "31852.66", "created_by": 5, "modified_by": 5, "rate_table_id": 1, "history_date": "2017-06-29T20:59:38.046Z", "history_change_reason": null, "history_user": 5, "history_type": "+"}}, {"model": "notes.historicalrate", "pk": 26, "fields": {"id": 26, "is_active": true, "date_created": "2017-06-29", "date_modified": "2017-06-29", "expansion_area": "2A", "zone": "CC(RES)", "category": "OPEN_SPACE", "rate": "1000.00", "created_by": 5, "modified_by": 5, "rate_table_id": 1, "history_date": "2017-06-29T20:59:58.747Z", "history_change_reason": null, "history_user": 5, "history_type": "+"}}, {"model": "notes.historicalrate", "pk": 27, "fields": {"id": 27, "is_active": true, "date_created": "2017-06-29", "date_modified": "2017-06-29", "expansion_area": "2A", "zone": "CC(RES)", "category": "SEWER_CAP", "rate": "8949.21", "created_by": 5, "modified_by": 5, "rate_table_id": 1, "history_date": "2017-06-29T21:00:21.249Z", "history_change_reason": null, "history_user": 5, "history_type": "+"}}, {"model": "notes.historicalrate", "pk": 28, "fields": {"id": 28, "is_active": true, "date_created": "2017-06-29", "date_modified": "2017-06-29", "expansion_area": "2A", "zone": "CC(RES)", "category": "SEWER_TRANS", "rate": "9127.56", "created_by": 5, "modified_by": 5, "rate_table_id": 1, "history_date": "2017-06-29T21:00:50.527Z", "history_change_reason": null, "history_user": 5, "history_type": "+"}}, {"model": "notes.historicalrate", "pk": 29, "fields": {"id": 29, "is_active": true, "date_created": "2017-06-29", "date_modified": "2017-06-29", "expansion_area": "2A", "zone": "CC(RES)", "category": "PARK", "rate": "14205.68", "created_by": 5, "modified_by": 5, "rate_table_id": 1, "history_date": "2017-06-29T21:01:12.571Z", "history_change_reason": null, "history_user": 5, "history_type": "+"}}, {"model": "notes.historicalrate", "pk": 30, "fields": {"id": 30, "is_active": true, "date_created": "2017-06-29", "date_modified": "2017-06-29", "expansion_area": "2A", "zone": "CC(RES)", "category": "STORM_WATER", "rate": "12457.21", "created_by": 5, "modified_by": 5, "rate_table_id": 1, "history_date": "2017-06-29T21:01:32.638Z", "history_change_reason": null, "history_user": 5, "history_type": "+"}}, {"model": "notes.historicalrate", "pk": 31, "fields": {"id": 31, "is_active": true, "date_created": "2017-06-29", "date_modified": "2017-06-29", "expansion_area": "2A", "zone": "CC(NONR)", "category": "ROADS", "rate": "144531.45", "created_by": 5, "modified_by": 5, "rate_table_id": 1, "history_date": "2017-06-29T21:02:02.853Z", "history_change_reason": null, "history_user": 5, "history_type": "+"}}, {"model": "notes.historicalrate", "pk": 32, "fields": {"id": 32, "is_active": true, "date_created": "2017-06-29", "date_modified": "2017-06-29", "expansion_area": "2A", "zone": "CC(NONR)", "category": "OPEN_SPACE", "rate": "1000.00", "created_by": 5, "modified_by": 5, "rate_table_id": 1, "history_date": "2017-06-29T21:02:20.833Z", "history_change_reason": null, "history_user": 5, "history_type": "+"}}, {"model": "notes.historicalrate", "pk": 33, "fields": {"id": 33, "is_active": true, "date_created": "2017-06-29", "date_modified": "2017-06-29", "expansion_area": "2A", "zone": "CC(NONR)", "category": "SEWER_CAP", "rate": "11369.97", "created_by": 5, "modified_by": 5, "rate_table_id": 1, "history_date": "2017-06-29T21:02:46.549Z", "history_change_reason": null, "history_user": 5, "history_type": "+"}}, {"model": "notes.historicalrate", "pk": 34, "fields": {"id": 34, "is_active": true, "date_created": "2017-06-29", "date_modified": "2017-06-29", "expansion_area": "2A", "zone": "CC(NONR)", "category": "SEWER_TRANS", "rate": "11596.57", "created_by": 5, "modified_by": 5, "rate_table_id": 1, "history_date": "2017-06-29T21:03:12.873Z", "history_change_reason": null, "history_user": 5, "history_type": "+"}}, {"model": "notes.historicalrate", "pk": 35, "fields": {"id": 35, "is_active": true, "date_created": "2017-06-29", "date_modified": "2017-06-29", "expansion_area": "2A", "zone": "CC(NONR)", "category": "PARK", "rate": "0.00", "created_by": 5, "modified_by": 5, "rate_table_id": 1, "history_date": "2017-06-29T21:03:32.520Z", "history_change_reason": null, "history_user": 5, "history_type": "+"}}, {"model": "notes.historicalrate", "pk": 36, "fields": {"id": 36, "is_active": true, "date_created": "2017-06-29", "date_modified": "2017-06-29", "expansion_area": "2A", "zone": "CC(NONR)", "category": "STORM_WATER", "rate": "12457.21", "created_by": 5, "modified_by": 5, "rate_table_id": 1, "history_date": "2017-06-29T21:03:54.238Z", "history_change_reason": null, "history_user": 5, "history_type": "+"}}, {"model": "notes.historicalrate", "pk": 37, "fields": {"id": 37, "is_active": true, "date_created": "2017-06-29", "date_modified": "2017-06-29", "expansion_area": "2A", "zone": "ED", "category": "ROADS", "rate": "40295.37", "created_by": 5, "modified_by": 5, "rate_table_id": 1, "history_date": "2017-06-29T21:04:19.467Z", "history_change_reason": null, "history_user": 5, "history_type": "+"}}, {"model": "notes.historicalrate", "pk": 38, "fields": {"id": 38, "is_active": true, "date_created": "2017-06-29", "date_modified": "2017-06-29", "expansion_area": "2A", "zone": "ED", "category": "OPEN_SPACE", "rate": "1000.00", "created_by": 5, "modified_by": 5, "rate_table_id": 1, "history_date": "2017-06-29T21:04:37.286Z", "history_change_reason": null, "history_user": 5, "history_type": "+"}}, {"model": "notes.historicalrate", "pk": 39, "fields": {"id": 39, "is_active": true, "date_created": "2017-06-29", "date_modified": "2017-06-29", "expansion_area": "2A", "zone": "ED", "category": "SEWER_CAP", "rate": "13494.03", "created_by": 5, "modified_by": 5, "rate_table_id": 1, "history_date": "2017-06-29T21:04:58.794Z", "history_change_reason": null, "history_user": 5, "history_type": "+"}}, {"model": "notes.historicalrate", "pk": 40, "fields": {"id": 40, "is_active": true, "date_created": "2017-06-29", "date_modified": "2017-06-29", "expansion_area": "2A", "zone": "ED", "category": "SEWER_TRANS", "rate": "13762.96", "created_by": 5, "modified_by": 5, "rate_table_id": 1, "history_date": "2017-06-29T21:05:25.879Z", "history_change_reason": null, "history_user": 5, "history_type": "+"}}, {"model": "notes.historicalrate", "pk": 41, "fields": {"id": 41, "is_active": true, "date_created": "2017-06-29", "date_modified": "2017-06-29", "expansion_area": "2A", "zone": "ED", "category": "PARK", "rate": "0.00", "created_by": 5, "modified_by": 5, "rate_table_id": 1, "history_date": "2017-06-29T21:05:41.706Z", "history_change_reason": null, "history_user": 5, "history_type": "+"}}, {"model": "notes.historicalrate", "pk": 42, "fields": {"id": 42, "is_active": true, "date_created": "2017-06-29", "date_modified": "2017-06-29", "expansion_area": "2A", "zone": "ED", "category": "STORM_WATER", "rate": "12457.21", "created_by": 5, "modified_by": 5, "rate_table_id": 1, "history_date": "2017-06-29T21:06:01.608Z", "history_change_reason": null, "history_user": 5, "history_type": "+"}}, {"model": "notes.rate", "pk": 1, "fields": {"is_active": true, "date_created": "2017-06-29", "date_modified": "2017-06-29", "created_by": 5, "modified_by": 5, "rate_table_id": 1, "expansion_area": "2A", "zone": "EAR-1", "category": "ROADS", "rate": "7583.97"}}, {"model": "notes.rate", "pk": 2, "fields": {"is_active": true, "date_created": "2017-06-29", "date_modified": "2017-06-29", "created_by": 5, "modified_by": 5, "rate_table_id": 1, "expansion_area": "2A", "zone": "EAR-1", "category": "OPEN_SPACE", "rate": "1000.00"}}, {"model": "notes.rate", "pk": 3, "fields": {"is_active": true, "date_created": "2017-06-29", "date_modified": "2017-06-29", "created_by": 5, "modified_by": 5, "rate_table_id": 1, "expansion_area": "2A", "zone": "EAR-1", "category": "SEWER_CAP", "rate": "2081.59"}}, {"model": "notes.rate", "pk": 4, "fields": {"is_active": true, "date_created": "2017-06-29", "date_modified": "2017-06-29", "created_by": 5, "modified_by": 5, "rate_table_id": 1, "expansion_area": "2A", "zone": "EAR-1", "category": "SEWER_TRANS", "rate": "2123.08"}}, {"model": "notes.rate", "pk": 5, "fields": {"is_active": true, "date_created": "2017-06-29", "date_modified": "2017-06-29", "created_by": 5, "modified_by": 5, "rate_table_id": 1, "expansion_area": "2A", "zone": "EAR-1", "category": "PARK", "rate": "2367.61"}}, {"model": "notes.rate", "pk": 6, "fields": {"is_active": true, "date_created": "2017-06-29", "date_modified": "2017-06-29", "created_by": 5, "modified_by": 5, "rate_table_id": 1, "expansion_area": "2A", "zone": "EAR-1", "category": "STORM_WATER", "rate": "3509.07"}}, {"model": "notes.rate", "pk": 7, "fields": {"is_active": true, "date_created": "2017-06-29", "date_modified": "2017-06-29", "created_by": 5, "modified_by": 5, "rate_table_id": 1, "expansion_area": "2A", "zone": "EAR-1SRA", "category": "ROADS", "rate": "2275.19"}}, {"model": "notes.rate", "pk": 8, "fields": {"is_active": true, "date_created": "2017-06-29", "date_modified": "2017-06-29", "created_by": 5, "modified_by": 5, "rate_table_id": 1, "expansion_area": "2A", "zone": "EAR-1SRA", "category": "OPEN_SPACE", "rate": "1000.00"}}, {"model": "notes.rate", "pk": 9, "fields": {"is_active": true, "date_created": "2017-06-29", "date_modified": "2017-06-29", "created_by": 5, "modified_by": 5, "rate_table_id": 1, "expansion_area": "2A", "zone": "EAR-1SRA", "category": "SEWER_CAP", "rate": "624.48"}}, {"model": "notes.rate", "pk": 10, "fields": {"is_active": true, "date_created": "2017-06-29", "date_modified": "2017-06-29", "created_by": 5, "modified_by": 5, "rate_table_id": 1, "expansion_area": "2A", "zone": "EAR-1SRA", "category": "SEWER_TRANS", "rate": "636.92"}}, {"model": "notes.rate", "pk": 11, "fields": {"is_active": true, "date_created": "2017-06-29", "date_modified": "2017-06-29", "created_by": 5, "modified_by": 5, "rate_table_id": 1, "expansion_area": "2A", "zone": "EAR-1SRA", "category": "PARK", "rate": "710.28"}}, {"model": "notes.rate", "pk": 12, "fields": {"is_active": true, "date_created": "2017-06-29", "date_modified": "2017-06-29", "created_by": 5, "modified_by": 5, "rate_table_id": 1, "expansion_area": "2A", "zone": "EAR-1SRA", "category": "STORM_WATER", "rate": "701.81"}}, {"model": "notes.rate", "pk": 13, "fields": {"is_active": true, "date_created": "2017-06-29", "date_modified": "2017-06-29", "created_by": 5, "modified_by": 5, "rate_table_id": 1, "expansion_area": "2A", "zone": "EAR-2", "category": "ROADS", "rate": "17063.93"}}, {"model": "notes.rate", "pk": 14, "fields": {"is_active": true, "date_created": "2017-06-29", "date_modified": "2017-06-29", "created_by": 5, "modified_by": 5, "rate_table_id": 1, "expansion_area": "2A", "zone": "EAR-2", "category": "OPEN_SPACE", "rate": "1000.00"}}, {"model": "notes.rate", "pk": 15, "fields": {"is_active": true, "date_created": "2017-06-29", "date_modified": "2017-06-29", "created_by": 5, "modified_by": 5, "rate_table_id": 1, "expansion_area": "2A", "zone": "EAR-2", "category": "SEWER_CAP", "rate": "4167.28"}}, {"model": "notes.rate", "pk": 16, "fields": {"is_active": true, "date_created": "2017-06-29", "date_modified": "2017-06-29", "created_by": 5, "modified_by": 5, "rate_table_id": 1, "expansion_area": "2A", "zone": "EAR-2", "category": "SEWER_TRANS", "rate": "4250.33"}}, {"model": "notes.rate", "pk": 17, "fields": {"is_active": true, "date_created": "2017-06-29", "date_modified": "2017-06-29", "created_by": 5, "modified_by": 5, "rate_table_id": 1, "expansion_area": "2A", "zone": "EAR-2", "category": "PARK", "rate": "5327.13"}}, {"model": "notes.rate", "pk": 18, "fields": {"is_active": true, "date_created": "2017-06-29", "date_modified": "2017-06-29", "created_by": 5, "modified_by": 5, "rate_table_id": 1, "expansion_area": "2A", "zone": "EAR-2", "category": "STORM_WATER", "rate": "5088.16"}}, {"model": "notes.rate", "pk": 19, "fields": {"is_active": true, "date_created": "2017-06-29", "date_modified": "2017-06-29", "created_by": 5, "modified_by": 5, "rate_table_id": 1, "expansion_area": "2A", "zone": "EAR-3", "category": "ROADS", "rate": "31852.66"}}, {"model": "notes.rate", "pk": 20, "fields": {"is_active": true, "date_created": "2017-06-29", "date_modified": "2017-06-29", "created_by": 5, "modified_by": 5, "rate_table_id": 1, "expansion_area": "2A", "zone": "EAR-3", "category": "OPEN_SPACE", "rate": "1000.00"}}, {"model": "notes.rate", "pk": 21, "fields": {"is_active": true, "date_created": "2017-06-29", "date_modified": "2017-06-29", "created_by": 5, "modified_by": 5, "rate_table_id": 1, "expansion_area": "2A", "zone": "EAR-3", "category": "SEWER_CAP", "rate": "8949.21"}}, {"model": "notes.rate", "pk": 22, "fields": {"is_active": true, "date_created": "2017-06-29", "date_modified": "2017-06-29", "created_by": 5, "modified_by": 5, "rate_table_id": 1, "expansion_area": "2A", "zone": "EAR-3", "category": "SEWER_TRANS", "rate": "9127.56"}}, {"model": "notes.rate", "pk": 23, "fields": {"is_active": true, "date_created": "2017-06-29", "date_modified": "2017-06-29", "created_by": 5, "modified_by": 5, "rate_table_id": 1, "expansion_area": "2A", "zone": "EAR-3", "category": "PARK", "rate": "14205.68"}}, {"model": "notes.rate", "pk": 24, "fields": {"is_active": true, "date_created": "2017-06-29", "date_modified": "2017-06-29", "created_by": 5, "modified_by": 5, "rate_table_id": 1, "expansion_area": "2A", "zone": "EAR-3", "category": "STORM_WATER", "rate": "12457.21"}}, {"model": "notes.rate", "pk": 25, "fields": {"is_active": true, "date_created": "2017-06-29", "date_modified": "2017-06-29", "created_by": 5, "modified_by": 5, "rate_table_id": 1, "expansion_area": "2A", "zone": "CC(RES)", "category": "ROADS", "rate": "31852.66"}}, {"model": "notes.rate", "pk": 26, "fields": {"is_active": true, "date_created": "2017-06-29", "date_modified": "2017-06-29", "created_by": 5, "modified_by": 5, "rate_table_id": 1, "expansion_area": "2A", "zone": "CC(RES)", "category": "OPEN_SPACE", "rate": "1000.00"}}, {"model": "notes.rate", "pk": 27, "fields": {"is_active": true, "date_created": "2017-06-29", "date_modified": "2017-06-29", "created_by": 5, "modified_by": 5, "rate_table_id": 1, "expansion_area": "2A", "zone": "CC(RES)", "category": "SEWER_CAP", "rate": "8949.21"}}, {"model": "notes.rate", "pk": 28, "fields": {"is_active": true, "date_created": "2017-06-29", "date_modified": "2017-06-29", "created_by": 5, "modified_by": 5, "rate_table_id": 1, "expansion_area": "2A", "zone": "CC(RES)", "category": "SEWER_TRANS", "rate": "9127.56"}}, {"model": "notes.rate", "pk": 29, "fields": {"is_active": true, "date_created": "2017-06-29", "date_modified": "2017-06-29", "created_by": 5, "modified_by": 5, "rate_table_id": 1, "expansion_area": "2A", "zone": "CC(RES)", "category": "PARK", "rate": "14205.68"}}, {"model": "notes.rate", "pk": 30, "fields": {"is_active": true, "date_created": "2017-06-29", "date_modified": "2017-06-29", "created_by": 5, "modified_by": 5, "rate_table_id": 1, "expansion_area": "2A", "zone": "CC(RES)", "category": "STORM_WATER", "rate": "12457.21"}}, {"model": "notes.rate", "pk": 31, "fields": {"is_active": true, "date_created": "2017-06-29", "date_modified": "2017-06-29", "created_by": 5, "modified_by": 5, "rate_table_id": 1, "expansion_area": "2A", "zone": "CC(NONR)", "category": "ROADS", "rate": "144531.45"}}, {"model": "notes.rate", "pk": 32, "fields": {"is_active": true, "date_created": "2017-06-29", "date_modified": "2017-06-29", "created_by": 5, "modified_by": 5, "rate_table_id": 1, "expansion_area": "2A", "zone": "CC(NONR)", "category": "OPEN_SPACE", "rate": "1000.00"}}, {"model": "notes.rate", "pk": 33, "fields": {"is_active": true, "date_created": "2017-06-29", "date_modified": "2017-06-29", "created_by": 5, "modified_by": 5, "rate_table_id": 1, "expansion_area": "2A", "zone": "CC(NONR)", "category": "SEWER_CAP", "rate": "11369.97"}}, {"model": "notes.rate", "pk": 34, "fields": {"is_active": true, "date_created": "2017-06-29", "date_modified": "2017-06-29", "created_by": 5, "modified_by": 5, "rate_table_id": 1, "expansion_area": "2A", "zone": "CC(NONR)", "category": "SEWER_TRANS", "rate": "11596.57"}}, {"model": "notes.rate", "pk": 35, "fields": {"is_active": true, "date_created": "2017-06-29", "date_modified": "2017-06-29", "created_by": 5, "modified_by": 5, "rate_table_id": 1, "expansion_area": "2A", "zone": "CC(NONR)", "category": "PARK", "rate": "0.00"}}, {"model": "notes.rate", "pk": 36, "fields": {"is_active": true, "date_created": "2017-06-29", "date_modified": "2017-06-29", "created_by": 5, "modified_by": 5, "rate_table_id": 1, "expansion_area": "2A", "zone": "CC(NONR)", "category": "STORM_WATER", "rate": "12457.21"}}, {"model": "notes.rate", "pk": 37, "fields": {"is_active": true, "date_created": "2017-06-29", "date_modified": "2017-06-29", "created_by": 5, "modified_by": 5, "rate_table_id": 1, "expansion_area": "2A", "zone": "ED", "category": "ROADS", "rate": "40295.37"}}, {"model": "notes.rate", "pk": 38, "fields": {"is_active": true, "date_created": "2017-06-29", "date_modified": "2017-06-29", "created_by": 5, "modified_by": 5, "rate_table_id": 1, "expansion_area": "2A", "zone": "ED", "category": "OPEN_SPACE", "rate": "1000.00"}}, {"model": "notes.rate", "pk": 39, "fields": {"is_active": true, "date_created": "2017-06-29", "date_modified": "2017-06-29", "created_by": 5, "modified_by": 5, "rate_table_id": 1, "expansion_area": "2A", "zone": "ED", "category": "SEWER_CAP", "rate": "13494.03"}}, {"model": "notes.rate", "pk": 40, "fields": {"is_active": true, "date_created": "2017-06-29", "date_modified": "2017-06-29", "created_by": 5, "modified_by": 5, "rate_table_id": 1, "expansion_area": "2A", "zone": "ED", "category": "SEWER_TRANS", "rate": "13762.96"}}, {"model": "notes.rate", "pk": 41, "fields": {"is_active": true, "date_created": "2017-06-29", "date_modified": "2017-06-29", "created_by": 5, "modified_by": 5, "rate_table_id": 1, "expansion_area": "2A", "zone": "ED", "category": "PARK", "rate": "0.00"}}, {"model": "notes.rate", "pk": 42, "fields": {"is_active": true, "date_created": "2017-06-29", "date_modified": "2017-06-29", "created_by": 5, "modified_by": 5, "rate_table_id": 1, "expansion_area": "2A", "zone": "ED", "category": "STORM_WATER", "rate": "12457.21"}}, {"model": "plats.historicalsubdivision", "pk": 14, "fields": {"id": 11, "is_approved": false, "is_active": true, "date_created": "2017-06-29", "date_modified": "2017-06-29", "name": "Rushing Rapids", "gross_acreage": "12.000", "number_allowed_lots": 30, "created_by": 5, "modified_by": 5, "history_date": "2017-06-29T13:33:32.098Z", "history_change_reason": null, "history_user": 5, "history_type": "+"}}, {"model": "plats.historicalsubdivision", "pk": 15, "fields": {"id": 12, "is_approved": false, "is_active": true, "date_created": "2017-06-29", "date_modified": "2017-06-29", "name": "New Waves", "gross_acreage": "8.000", "number_allowed_lots": 16, "created_by": 5, "modified_by": 5, "history_date": "2017-06-29T13:34:40.188Z", "history_change_reason": null, "history_user": 5, "history_type": "+"}}, {"model": "plats.historicalsubdivision", "pk": 16, "fields": {"id": 13, "is_approved": false, "is_active": true, "date_created": "2017-06-29", "date_modified": "2017-06-29", "name": "Calm Eddies", "gross_acreage": "20.000", "number_allowed_lots": 34, "created_by": 5, "modified_by": 5, "history_date": "2017-06-29T13:37:16.938Z", "history_change_reason": null, "history_user": 5, "history_type": "+"}}, {"model": "plats.subdivision", "pk": 11, "fields": {"is_approved": false, "is_active": true, "date_created": "2017-06-29", "date_modified": null, "created_by": 5, "modified_by": 5, "name": "Rushing Rapids", "gross_acreage": "12.000", "number_allowed_lots": 30}}, {"model": "plats.subdivision", "pk": 12, "fields": {"is_approved": false, "is_active": true, "date_created": "2017-06-29", "date_modified": null, "created_by": 5, "modified_by": 5, "name": "New Waves", "gross_acreage": "8.000", "number_allowed_lots": 16}}, {"model": "plats.subdivision", "pk": 13, "fields": {"is_approved": false, "is_active": true, "date_created": "2017-06-29", "date_modified": null, "created_by": 5, "modified_by": 5, "name": "Calm Eddies", "gross_acreage": "20.000", "number_allowed_lots": 34}}, {"model": "plats.historicalplat", "pk": 1, "fields": {"id": 1, "is_approved": false, "is_active": true, "date_recorded": "2017-06-08", "date_created": "2017-06-29", "date_modified": "2017-06-29", "name": "Rapid Plains", "total_acreage": "5.000", "latitude": "S26 22'51\"E", "longitude": "N62 56'10\"E", "plat_type": "Residential", "expansion_area": "2A", "unit": "3-A", "section": "none", "block": "none", "buildable_lots": "10", "non_buildable_lots": "1", "cabinet": "none", "slide": "R-397", "calculation_note": "Based on total acreage", "sewer_due": "456.13", "non_sewer_due": "5325.65", "subdivision": 11, "created_by": 5, "modified_by": 5, "history_date": "2017-06-29T14:02:49.351Z", "history_change_reason": null, "history_user": 5, "history_type": "+"}}, {"model": "plats.historicalplat", "pk": 2, "fields": {"id": 2, "is_approved": false, "is_active": true, "date_recorded": "2017-06-08", "date_created": "2017-06-29", "date_modified": "2017-06-29", "name": "Class Five", "total_acreage": "3.000", "latitude": "N57 63'43E", "longitude": "S65 62'67\"E", "plat_type": "Residential", "expansion_area": "3-A", "unit": "3-A", "section": "none", "block": "none", "buildable_lots": "8", "non_buildable_lots": "0", "cabinet": "none", "slide": "R-397", "calculation_note": "Lots assessed individually", "sewer_due": "6534.20", "non_sewer_due": "425.30", "subdivision": 11, "created_by": 5, "modified_by": 5, "history_date": "2017-06-29T14:06:45.699Z", "history_change_reason": null, "history_user": 5, "history_type": "+"}}, {"model": "plats.historicalplat", "pk": 3, "fields": {"id": 3, "is_approved": false, "is_active": true, "date_recorded": "2017-06-15", "date_created": "2017-06-29", "date_modified": "2017-06-29", "name": "First Descent", "total_acreage": "9.000", "latitude": "N88 12'90\"W", "longitude": "S54 12'45\"W", "plat_type": "Community", "expansion_area": "2A", "unit": "3-B", "section": "103", "block": "302", "buildable_lots": "20", "non_buildable_lots": "3", "cabinet": "none", "slide": "12-4325", "calculation_note": "Based on evaluation for subdivision", "sewer_due": "423.55", "non_sewer_due": "4325.44", "subdivision": 12, "created_by": 5, "modified_by": 5, "history_date": "2017-06-29T14:09:39.204Z", "history_change_reason": null, "history_user": 5, "history_type": "+"}}, {"model": "plats.historicalplat", "pk": 4, "fields": {"id": 4, "is_approved": false, "is_active": true, "date_recorded": "2017-06-13", "date_created": "2017-06-29", "date_modified": "2017-06-29", "name": "Raccoon Run", "total_acreage": "5.000", "latitude": "N34 24'84\"E", "longitude": "N23 54'23\"E", "plat_type": "Development", "expansion_area": "2A", "unit": "none", "section": "432", "block": "East", "buildable_lots": "10", "non_buildable_lots": "1", "cabinet": "none", "slide": "42-12", "calculation_note": "Based on plat", "sewer_due": "432.78", "non_sewer_due": "8974.43", "subdivision": 12, "created_by": 5, "modified_by": 5, "history_date": "2017-06-29T14:52:02.363Z", "history_change_reason": null, "history_user": 5, "history_type": "+"}}, {"model": "plats.plat", "pk": 1, "fields": {"is_approved": false, "is_active": true, "subdivision": 11, "date_recorded": "2017-06-08", "date_created": "2017-06-29", "date_modified": "2017-06-29", "created_by": 5, "modified_by": 5, "name": "Rapid Plains", "total_acreage": "5.000", "latitude": "S26 22'51\"E", "longitude": "N62 56'10\"E", "plat_type": "Residential", "expansion_area": "2A", "unit": "3-A", "section": "none", "block": "none", "buildable_lots": "10", "non_buildable_lots": "1", "cabinet": "none", "slide": "R-397", "calculation_note": "Based on total acreage", "sewer_due": "456.13", "non_sewer_due": "5325.65"}}, {"model": "plats.plat", "pk": 2, "fields": {"is_approved": false, "is_active": true, "subdivision": 11, "date_recorded": "2017-06-08", "date_created": "2017-06-29", "date_modified": "2017-06-29", "created_by": 5, "modified_by": 5, "name": "Class Five", "total_acreage": "3.000", "latitude": "N57 63'43E", "longitude": "S65 62'67\"E", "plat_type": "Residential", "expansion_area": "3-A", "unit": "3-A", "section": "none", "block": "none", "buildable_lots": "8", "non_buildable_lots": "0", "cabinet": "none", "slide": "R-397", "calculation_note": "Lots assessed individually", "sewer_due": "6534.20", "non_sewer_due": "425.30"}}, {"model": "plats.plat", "pk": 3, "fields": {"is_approved": false, "is_active": true, "subdivision": 12, "date_recorded": "2017-06-15", "date_created": "2017-06-29", "date_modified": "2017-06-29", "created_by": 5, "modified_by": 5, "name": "First Descent", "total_acreage": "9.000", "latitude": "N88 12'90\"W", "longitude": "S54 12'45\"W", "plat_type": "Community", "expansion_area": "2A", "unit": "3-B", "section": "103", "block": "302", "buildable_lots": "20", "non_buildable_lots": "3", "cabinet": "none", "slide": "12-4325", "calculation_note": "Based on evaluation for subdivision", "sewer_due": "423.55", "non_sewer_due": "4325.44"}}, {"model": "plats.plat", "pk": 4, "fields": {"is_approved": false, "is_active": true, "subdivision": 12, "date_recorded": "2017-06-13", "date_created": "2017-06-29", "date_modified": "2017-06-29", "created_by": 5, "modified_by": 5, "name": "Raccoon Run", "total_acreage": "5.000", "latitude": "N34 24'84\"E", "longitude": "N23 54'23\"E", "plat_type": "Development", "expansion_area": "2A", "unit": "none", "section": "432", "block": "East", "buildable_lots": "10", "non_buildable_lots": "1", "cabinet": "none", "slide": "42-12", "calculation_note": "Based on plat", "sewer_due": "432.78", "non_sewer_due": "8974.43"}}, {"model": "plats.historicallot", "pk": 10, "fields": {"id": 4, "is_approved": false, "is_active": true, "parcel_id": "438297", "date_created": "2017-06-29", "date_modified": "2017-06-29", "lot_number": "478932", "permit_id": "957483", "latitude": "N34 65'32\"E", "longitude": "N98 43'76\"W", "address_number": 392, "address_direction": "S", "address_street": "New Water Way", "address_suffix": null, "address_unit": null, "address_city": "Lexington", "address_state": "KY", "address_zip": "40511", "address_full": "392 S New Water Way undefined undefined, Lexington, KY 40511", "dues_roads_dev": "7894.47", "dues_roads_own": "729.23", "dues_sewer_trans_dev": "9283.74", "dues_sewer_trans_own": "98.28", "dues_sewer_cap_dev": "928.83", "dues_sewer_cap_own": "6472.32", "dues_parks_dev": "837.28", "dues_parks_own": "4772.23", "dues_storm_dev": "638.32", "dues_storm_own": "693.82", "dues_open_space_dev": "7423.28", "dues_open_space_own": "76.12", "plat": 3, "created_by": 5, "modified_by": 5, "history_date": "2017-06-29T17:21:52.478Z", "history_change_reason": null, "history_user": 5, "history_type": "+"}}, {"model": "plats.historicallot", "pk": 11, "fields": {"id": 5, "is_approved": false, "is_active": true, "parcel_id": "92-382", "date_created": "2017-06-29", "date_modified": "2017-06-29", "lot_number": "492938", "permit_id": "928305", "latitude": "S54 37'32\"W", "longitude": "S43 64'12\"W", "address_number": 823, "address_direction": null, "address_street": "Gonzo Shoals Ave", "address_suffix": null, "address_unit": null, "address_city": "Lexington", "address_state": "KY", "address_zip": "40509", "address_full": "823 undefined Gonzo Shoals Ave undefined undefined, Lexington, KY 40509", "dues_roads_dev": "987.43", "dues_roads_own": "894.23", "dues_sewer_trans_dev": "8979.00", "dues_sewer_trans_own": "4928.43", "dues_sewer_cap_dev": "897.00", "dues_sewer_cap_own": "8972.43", "dues_parks_dev": "9875.28", "dues_parks_own": "947.32", "dues_storm_dev": "9802.43", "dues_storm_own": "753.48", "dues_open_space_dev": "8902.43", "dues_open_space_own": "879.63", "plat": 1, "created_by": 5, "modified_by": 5, "history_date": "2017-06-29T17:30:19.793Z", "history_change_reason": null, "history_user": 5, "history_type": "+"}}, {"model": "plats.historicallot", "pk": 12, "fields": {"id": 4, "is_approved": false, "is_active": true, "parcel_id": "438297", "date_created": "2017-06-29", "date_modified": "2017-06-29", "lot_number": "478-932", "permit_id": "95-7483", "latitude": "N34 65'32\"E", "longitude": "N98 43'76\"W", "address_number": 392, "address_direction": "S", "address_street": "New Water Way", "address_suffix": null, "address_unit": null, "address_city": "Lexington", "address_state": "KY", "address_zip": "40511", "address_full": "392 S New Water Way undefined undefined, Lexington, KY 40511", "dues_roads_dev": "7894.47", "dues_roads_own": "729.23", "dues_sewer_trans_dev": "9283.74", "dues_sewer_trans_own": "98.28", "dues_sewer_cap_dev": "928.83", "dues_sewer_cap_own": "6472.32", "dues_parks_dev": "837.28", "dues_parks_own": "4772.23", "dues_storm_dev": "638.32", "dues_storm_own": "693.82", "dues_open_space_dev": "7423.28", "dues_open_space_own": "76.12", "plat": 3, "created_by": 5, "modified_by": 5, "history_date": "2017-06-29T17:32:15.507Z", "history_change_reason": null, "history_user": 5, "history_type": "~"}}, {"model": "plats.historicallot", "pk": 13, "fields": {"id": 4, "is_approved": false, "is_active": true, "parcel_id": "438297", "date_created": "2017-06-29", "date_modified": "2017-06-29", "lot_number": "478-932", "permit_id": "95-7483", "latitude": "N34 65'32\"E", "longitude": "N98 43'76\"W", "address_number": 392, "address_direction": "South", "address_street": "New Water Way", "address_suffix": null, "address_unit": null, "address_city": "Lexington", "address_state": "KY", "address_zip": "40511", "address_full": "392 S New Water Way undefined undefined, Lexington, KY 40511", "dues_roads_dev": "7894.47", "dues_roads_own": "729.23", "dues_sewer_trans_dev": "9283.74", "dues_sewer_trans_own": "98.28", "dues_sewer_cap_dev": "928.83", "dues_sewer_cap_own": "6472.32", "dues_parks_dev": "837.28", "dues_parks_own": "4772.23", "dues_storm_dev": "638.32", "dues_storm_own": "693.82", "dues_open_space_dev": "7423.28", "dues_open_space_own": "76.12", "plat": 3, "created_by": 5, "modified_by": 5, "history_date": "2017-06-29T17:32:27.717Z", "history_change_reason": null, "history_user": 5, "history_type": "~"}}, {"model": "plats.historicallot", "pk": 14, "fields": {"id": 4, "is_approved": false, "is_active": true, "parcel_id": "438297", "date_created": "2017-06-29", "date_modified": "2017-06-29", "lot_number": "478-932", "permit_id": "95-7483", "latitude": "N34 65'32\"E", "longitude": "N98 43'76\"W", "address_number": 392, "address_direction": "S.", "address_street": "New Water Way", "address_suffix": null, "address_unit": null, "address_city": "Lexington", "address_state": "KY", "address_zip": "40511", "address_full": "392 S New Water Way undefined undefined, Lexington, KY 40511", "dues_roads_dev": "7894.47", "dues_roads_own": "729.23", "dues_sewer_trans_dev": "9283.74", "dues_sewer_trans_own": "98.28", "dues_sewer_cap_dev": "928.83", "dues_sewer_cap_own": "6472.32", "dues_parks_dev": "837.28", "dues_parks_own": "4772.23", "dues_storm_dev": "638.32", "dues_storm_own": "693.82", "dues_open_space_dev": "7423.28", "dues_open_space_own": "76.12", "plat": 3, "created_by": 5, "modified_by": 5, "history_date": "2017-06-29T17:32:45.682Z", "history_change_reason": null, "history_user": 5, "history_type": "~"}}, {"model": "plats.historicallot", "pk": 15, "fields": {"id": 5, "is_approved": false, "is_active": true, "parcel_id": "92-382", "date_created": "2017-06-29", "date_modified": "2017-06-29", "lot_number": "492938", "permit_id": "928305", "latitude": "S54 37'32\"W", "longitude": "S43 64'12\"W", "address_number": 823, "address_direction": null, "address_street": "Gonzo Shoals Ave", "address_suffix": null, "address_unit": "3B", "address_city": "Lexington", "address_state": "KY", "address_zip": "40509", "address_full": "823 undefined Gonzo Shoals Ave undefined undefined, Lexington, KY 40509", "dues_roads_dev": "987.43", "dues_roads_own": "894.23", "dues_sewer_trans_dev": "8979.00", "dues_sewer_trans_own": "4928.43", "dues_sewer_cap_dev": "897.00", "dues_sewer_cap_own": "8972.43", "dues_parks_dev": "9875.28", "dues_parks_own": "947.32", "dues_storm_dev": "9802.43", "dues_storm_own": "753.48", "dues_open_space_dev": "8902.43", "dues_open_space_own": "879.63", "plat": 1, "created_by": 5, "modified_by": 5, "history_date": "2017-06-29T17:33:05.161Z", "history_change_reason": null, "history_user": 5, "history_type": "~"}}, {"model": "plats.historicallot", "pk": 16, "fields": {"id": 5, "is_approved": false, "is_active": true, "parcel_id": "92-382", "date_created": "2017-06-29", "date_modified": "2017-06-29", "lot_number": "492938", "permit_id": "928305", "latitude": "S54 37'32\"W", "longitude": "S43 64'12\"W", "address_number": 823, "address_direction": null, "address_street": "Gonzo Shoals Ave", "address_suffix": null, "address_unit": "3B", "address_city": "Lexington", "address_state": "KY", "address_zip": "40509", "address_full": "823 Gonzo Shoals Ave, Lexington, KY 40509", "dues_roads_dev": "987.43", "dues_roads_own": "894.23", "dues_sewer_trans_dev": "8979.00", "dues_sewer_trans_own": "4928.43", "dues_sewer_cap_dev": "897.00", "dues_sewer_cap_own": "8972.43", "dues_parks_dev": "9875.28", "dues_parks_own": "947.32", "dues_storm_dev": "9802.43", "dues_storm_own": "753.48", "dues_open_space_dev": "8902.43", "dues_open_space_own": "879.63", "plat": 1, "created_by": 5, "modified_by": 5, "history_date": "2017-06-29T17:36:51.206Z", "history_change_reason": null, "history_user": 5, "history_type": "~"}}, {"model": "plats.historicallot", "pk": 17, "fields": {"id": 4, "is_approved": false, "is_active": true, "parcel_id": "438297", "date_created": "2017-06-29", "date_modified": "2017-06-29", "lot_number": "478-932", "permit_id": "95-7483", "latitude": "N34 65'32\"E", "longitude": "N98 43'76\"W", "address_number": 392, "address_direction": "S.", "address_street": "New Water Way", "address_suffix": null, "address_unit": null, "address_city": "Lexington", "address_state": "KY", "address_zip": "40511", "address_full": "392 S New Water Way, Lexington, KY 40511", "dues_roads_dev": "7894.47", "dues_roads_own": "729.23", "dues_sewer_trans_dev": "9283.74", "dues_sewer_trans_own": "98.28", "dues_sewer_cap_dev": "928.83", "dues_sewer_cap_own": "6472.32", "dues_parks_dev": "837.28", "dues_parks_own": "4772.23", "dues_storm_dev": "638.32", "dues_storm_own": "693.82", "dues_open_space_dev": "7423.28", "dues_open_space_own": "76.12", "plat": 3, "created_by": 5, "modified_by": 5, "history_date": "2017-06-29T17:37:03.997Z", "history_change_reason": null, "history_user": 5, "history_type": "~"}}, {"model": "plats.historicallot", "pk": 18, "fields": {"id": 6, "is_approved": false, "is_active": true, "parcel_id": "472938", "date_created": "2017-06-29", "date_modified": "2017-06-29", "lot_number": "48292384", "permit_id": "8492856", "latitude": "S98 32'54\"E", "longitude": "S54 34'46\"E", "address_number": 492, "address_direction": null, "address_street": "Moonshoot Drive", "address_suffix": null, "address_unit": null, "address_city": "Lexington", "address_state": "KY", "address_zip": "40423", "address_full": "492 null Moonshoot Drive null null, Lexington, KY 40423", "dues_roads_dev": "879.24", "dues_roads_own": "479.42", "dues_sewer_trans_dev": "47982.00", "dues_sewer_trans_own": "7492.30", "dues_sewer_cap_dev": "7492.32", "dues_sewer_cap_own": "424.53", "dues_parks_dev": "8498.84", "dues_parks_own": "8742.89", "dues_storm_dev": "6592.32", "dues_storm_own": "5428.32", "dues_open_space_dev": "3295.43", "dues_open_space_own": "342.52", "plat": 2, "created_by": 5, "modified_by": 5, "history_date": "2017-06-29T17:39:49.211Z", "history_change_reason": null, "history_user": 5, "history_type": "+"}}, {"model": "plats.lot", "pk": 4, "fields": {"is_approved": false, "is_active": true, "plat": 3, "parcel_id": "438297", "date_created": "2017-06-29", "date_modified": null, "created_by": 5, "modified_by": 5, "lot_number": "478-932", "permit_id": "95-7483", "latitude": "N34 65'32\"E", "longitude": "N98 43'76\"W", "address_number": 392, "address_direction": "S.", "address_street": "New Water Way", "address_suffix": null, "address_unit": null, "address_city": "Lexington", "address_state": "KY", "address_zip": "40511", "address_full": "392 S New Water Way, Lexington, KY 40511", "dues_roads_dev": "7894.47", "dues_roads_own": "729.23", "dues_sewer_trans_dev": "9283.74", "dues_sewer_trans_own": "98.28", "dues_sewer_cap_dev": "928.83", "dues_sewer_cap_own": "6472.32", "dues_parks_dev": "837.28", "dues_parks_own": "4772.23", "dues_storm_dev": "638.32", "dues_storm_own": "693.82", "dues_open_space_dev": "7423.28", "dues_open_space_own": "76.12"}}, {"model": "plats.lot", "pk": 5, "fields": {"is_approved": false, "is_active": true, "plat": 1, "parcel_id": "92-382", "date_created": "2017-06-29", "date_modified": null, "created_by": 5, "modified_by": 5, "lot_number": "492938", "permit_id": "928305", "latitude": "S54 37'32\"W", "longitude": "S43 64'12\"W", "address_number": 823, "address_direction": null, "address_street": "Gonzo Shoals Ave", "address_suffix": null, "address_unit": "3B", "address_city": "Lexington", "address_state": "KY", "address_zip": "40509", "address_full": "823 Gonzo Shoals Ave, Lexington, KY 40509", "dues_roads_dev": "987.43", "dues_roads_own": "894.23", "dues_sewer_trans_dev": "8979.00", "dues_sewer_trans_own": "4928.43", "dues_sewer_cap_dev": "897.00", "dues_sewer_cap_own": "8972.43", "dues_parks_dev": "9875.28", "dues_parks_own": "947.32", "dues_storm_dev": "9802.43", "dues_storm_own": "753.48", "dues_open_space_dev": "8902.43", "dues_open_space_own": "879.63"}}, {"model": "plats.lot", "pk": 6, "fields": {"is_approved": false, "is_active": true, "plat": 2, "parcel_id": "472938", "date_created": "2017-06-29", "date_modified": null, "created_by": 5, "modified_by": 5, "lot_number": "48292384", "permit_id": "8492856", "latitude": "S98 32'54\"E", "longitude": "S54 34'46\"E", "address_number": 492, "address_direction": null, "address_street": "Moonshoot Drive", "address_suffix": null, "address_unit": null, "address_city": "Lexington", "address_state": "KY", "address_zip": "40423", "address_full": "492 null Moonshoot Drive null null, Lexington, KY 40423", "dues_roads_dev": "879.24", "dues_roads_own": "479.42", "dues_sewer_trans_dev": "47982.00", "dues_sewer_trans_own": "7492.30", "dues_sewer_cap_dev": "7492.32", "dues_sewer_cap_own": "424.53", "dues_parks_dev": "8498.84", "dues_parks_own": "8742.89", "dues_storm_dev": "6592.32", "dues_storm_own": "5428.32", "dues_open_space_dev": "3295.43", "dues_open_space_own": "342.52"}}, {"model": "admin.logentry", "pk": 34, "fields": {"action_time": "2017-06-29T17:32:15.525Z", "user": 5, "content_type": 68, "object_id": "4", "object_repr": "392 S New Water Way undefined undefined, Lexington, KY 40511", "action_flag": 2, "change_message": "[{\"changed\": {\"fields\": [\"lot_number\", \"permit_id\"]}}]"}}, {"model": "admin.logentry", "pk": 35, "fields": {"action_time": "2017-06-29T17:32:27.733Z", "user": 5, "content_type": 68, "object_id": "4", "object_repr": "392 S New Water Way undefined undefined, Lexington, KY 40511", "action_flag": 2, "change_message": "[{\"changed\": {\"fields\": [\"address_direction\"]}}]"}}, {"model": "admin.logentry", "pk": 36, "fields": {"action_time": "2017-06-29T17:32:45.696Z", "user": 5, "content_type": 68, "object_id": "4", "object_repr": "392 S New Water Way undefined undefined, Lexington, KY 40511", "action_flag": 2, "change_message": "[{\"changed\": {\"fields\": [\"address_direction\"]}}]"}}, {"model": "admin.logentry", "pk": 37, "fields": {"action_time": "2017-06-29T17:33:05.173Z", "user": 5, "content_type": 68, "object_id": "5", "object_repr": "823 undefined Gonzo Shoals Ave undefined undefined, Lexington, KY 40509", "action_flag": 2, "change_message": "[{\"changed\": {\"fields\": [\"address_unit\"]}}]"}}, {"model": "admin.logentry", "pk": 38, "fields": {"action_time": "2017-06-29T17:36:51.218Z", "user": 5, "content_type": 68, "object_id": "5", "object_repr": "823 Gonzo Shoals Ave, Lexington, KY 40509", "action_flag": 2, "change_message": "[{\"changed\": {\"fields\": [\"address_full\"]}}]"}}, {"model": "admin.logentry", "pk": 39, "fields": {"action_time": "2017-06-29T17:37:04.010Z", "user": 5, "content_type": 68, "object_id": "4", "object_repr": "392 S New Water Way, Lexington, KY 40511", "action_flag": 2, "change_message": "[{\"changed\": {\"fields\": [\"address_full\"]}}]"}}, {"model": "admin.logentry", "pk": 40, "fields": {"action_time": "2017-06-29T17:37:26.206Z", "user": 5, "content_type": 41, "object_id": "6", "object_repr": "test", "action_flag": 1, "change_message": "[{\"added\": {}}]"}}, {"model": "admin.logentry", "pk": 41, "fields": {"action_time": "2017-06-29T17:37:35.783Z", "user": 5, "content_type": 41, "object_id": "6", "object_repr": "test", "action_flag": 2, "change_message": "[{\"changed\": {\"fields\": [\"first_name\", \"last_name\"]}}]"}}, {"model": "admin.logentry", "pk": 42, "fields": {"action_time": "2017-06-29T17:37:52.503Z", "user": 5, "content_type": 41, "object_id": "5", "object_repr": "kelly", "action_flag": 2, "change_message": "[{\"changed\": {\"fields\": [\"first_name\", \"last_name\"]}}]"}}, {"model": "admin.logentry", "pk": 43, "fields": {"action_time": "2017-06-29T20:19:45.834Z", "user": 5, "content_type": 60, "object_id": "1", "object_repr": "RateTable object", "action_flag": 1, "change_message": "[{\"added\": {}}]"}}, {"model": "admin.logentry", "pk": 44, "fields": {"action_time": "2017-06-29T20:40:45.337Z", "user": 5, "content_type": 62, "object_id": "1", "object_repr": "7583.97", "action_flag": 1, "change_message": "[{\"added\": {}}]"}}, {"model": "admin.logentry", "pk": 45, "fields": {"action_time": "2017-06-29T20:44:47.105Z", "user": 5, "content_type": 62, "object_id": "2", "object_repr": "EAR-1: OPEN_SPACE", "action_flag": 1, "change_message": "[{\"added\": {}}]"}}, {"model": "admin.logentry", "pk": 46, "fields": {"action_time": "2017-06-29T20:45:11.609Z", "user": 5, "content_type": 62, "object_id": "3", "object_repr": "EAR-1: SEWER_CAP", "action_flag": 1, "change_message": "[{\"added\": {}}]"}}, {"model": "admin.logentry", "pk": 47, "fields": {"action_time": "2017-06-29T20:47:08.678Z", "user": 5, "content_type": 62, "object_id": "4", "object_repr": "EAR-1: SEWER_TRANS", "action_flag": 1, "change_message": "[{\"added\": {}}]"}}, {"model": "admin.logentry", "pk": 48, "fields": {"action_time": "2017-06-29T20:47:39.266Z", "user": 5, "content_type": 62, "object_id": "5", "object_repr": "EAR-1: PARK", "action_flag": 1, "change_message": "[{\"added\": {}}]"}}, {"model": "admin.logentry", "pk": 49, "fields": {"action_time": "2017-06-29T20:48:02.307Z", "user": 5, "content_type": 62, "object_id": "6", "object_repr": "EAR-1: STORM_WATER", "action_flag": 1, "change_message": "[{\"added\": {}}]"}}, {"model": "admin.logentry", "pk": 50, "fields": {"action_time": "2017-06-29T20:51:40.454Z", "user": 5, "content_type": 62, "object_id": "7", "object_repr": "EAR-1SRA: ROADS", "action_flag": 1, "change_message": "[{\"added\": {}}]"}}, {"model": "admin.logentry", "pk": 51, "fields": {"action_time": "2017-06-29T20:52:00.050Z", "user": 5, "content_type": 62, "object_id": "8", "object_repr": "EAR-1SRA: OPEN_SPACE", "action_flag": 1, "change_message": "[{\"added\": {}}]"}}, {"model": "admin.logentry", "pk": 52, "fields": {"action_time": "2017-06-29T20:52:23.315Z", "user": 5, "content_type": 62, "object_id": "9", "object_repr": "EAR-1SRA: SEWER_CAP", "action_flag": 1, "change_message": "[{\"added\": {}}]"}}, {"model": "admin.logentry", "pk": 53, "fields": {"action_time": "2017-06-29T20:52:48.773Z", "user": 5, "content_type": 62, "object_id": "10", "object_repr": "EAR-1SRA: SEWER_TRANS", "action_flag": 1, "change_message": "[{\"added\": {}}]"}}, {"model": "admin.logentry", "pk": 54, "fields": {"action_time": "2017-06-29T20:53:11.257Z", "user": 5, "content_type": 62, "object_id": "11", "object_repr": "EAR-1SRA: PARK", "action_flag": 1, "change_message": "[{\"added\": {}}]"}}, {"model": "admin.logentry", "pk": 55, "fields": {"action_time": "2017-06-29T20:53:32.783Z", "user": 5, "content_type": 62, "object_id": "12", "object_repr": "EAR-1SRA: STORM_WATER", "action_flag": 1, "change_message": "[{\"added\": {}}]"}}, {"model": "admin.logentry", "pk": 56, "fields": {"action_time": "2017-06-29T20:53:59.490Z", "user": 5, "content_type": 62, "object_id": "13", "object_repr": "EAR-2: ROADS", "action_flag": 1, "change_message": "[{\"added\": {}}]"}}, {"model": "admin.logentry", "pk": 57, "fields": {"action_time": "2017-06-29T20:54:19.767Z", "user": 5, "content_type": 62, "object_id": "14", "object_repr": "EAR-2: OPEN_SPACE", "action_flag": 1, "change_message": "[{\"added\": {}}]"}}, {"model": "admin.logentry", "pk": 58, "fields": {"action_time": "2017-06-29T20:55:12.275Z", "user": 5, "content_type": 62, "object_id": "15", "object_repr": "EAR-2: SEWER_CAP", "action_flag": 1, "change_message": "[{\"added\": {}}]"}}, {"model": "admin.logentry", "pk": 59, "fields": {"action_time": "2017-06-29T20:55:41.063Z", "user": 5, "content_type": 62, "object_id": "16", "object_repr": "EAR-2: SEWER_TRANS", "action_flag": 1, "change_message": "[{\"added\": {}}]"}}, {"model": "admin.logentry", "pk": 60, "fields": {"action_time": "2017-06-29T20:56:08.828Z", "user": 5, "content_type": 62, "object_id": "17", "object_repr": "EAR-2: PARK", "action_flag": 1, "change_message": "[{\"added\": {}}]"}}, {"model": "admin.logentry", "pk": 61, "fields": {"action_time": "2017-06-29T20:56:31.687Z", "user": 5, "content_type": 62, "object_id": "18", "object_repr": "EAR-2: STORM_WATER", "action_flag": 1, "change_message": "[{\"added\": {}}]"}}, {"model": "admin.logentry", "pk": 62, "fields": {"action_time": "2017-06-29T20:57:00.611Z", "user": 5, "content_type": 62, "object_id": "19", "object_repr": "EAR-3: ROADS", "action_flag": 1, "change_message": "[{\"added\": {}}]"}}, {"model": "admin.logentry", "pk": 63, "fields": {"action_time": "2017-06-29T20:57:27.713Z", "user": 5, "content_type": 62, "object_id": "20", "object_repr": "EAR-3: OPEN_SPACE", "action_flag": 1, "change_message": "[{\"added\": {}}]"}}, {"model": "admin.logentry", "pk": 64, "fields": {"action_time": "2017-06-29T20:57:51.274Z", "user": 5, "content_type": 62, "object_id": "21", "object_repr": "EAR-3: SEWER_CAP", "action_flag": 1, "change_message": "[{\"added\": {}}]"}}, {"model": "admin.logentry", "pk": 65, "fields": {"action_time": "2017-06-29T20:58:13.770Z", "user": 5, "content_type": 62, "object_id": "22", "object_repr": "EAR-3: SEWER_TRANS", "action_flag": 1, "change_message": "[{\"added\": {}}]"}}, {"model": "admin.logentry", "pk": 66, "fields": {"action_time": "2017-06-29T20:58:42.905Z", "user": 5, "content_type": 62, "object_id": "23", "object_repr": "EAR-3: PARK", "action_flag": 1, "change_message": "[{\"added\": {}}]"}}, {"model": "admin.logentry", "pk": 67, "fields": {"action_time": "2017-06-29T20:59:07.782Z", "user": 5, "content_type": 62, "object_id": "24", "object_repr": "EAR-3: STORM_WATER", "action_flag": 1, "change_message": "[{\"added\": {}}]"}}, {"model": "admin.logentry", "pk": 68, "fields": {"action_time": "2017-06-29T20:59:38.055Z", "user": 5, "content_type": 62, "object_id": "25", "object_repr": "CC(RES): ROADS", "action_flag": 1, "change_message": "[{\"added\": {}}]"}}, {"model": "admin.logentry", "pk": 69, "fields": {"action_time": "2017-06-29T20:59:58.756Z", "user": 5, "content_type": 62, "object_id": "26", "object_repr": "CC(RES): OPEN_SPACE", "action_flag": 1, "change_message": "[{\"added\": {}}]"}}, {"model": "admin.logentry", "pk": 70, "fields": {"action_time": "2017-06-29T21:00:21.259Z", "user": 5, "content_type": 62, "object_id": "27", "object_repr": "CC(RES): SEWER_CAP", "action_flag": 1, "change_message": "[{\"added\": {}}]"}}, {"model": "admin.logentry", "pk": 71, "fields": {"action_time": "2017-06-29T21:00:50.538Z", "user": 5, "content_type": 62, "object_id": "28", "object_repr": "CC(RES): SEWER_TRANS", "action_flag": 1, "change_message": "[{\"added\": {}}]"}}, {"model": "admin.logentry", "pk": 72, "fields": {"action_time": "2017-06-29T21:01:12.581Z", "user": 5, "content_type": 62, "object_id": "29", "object_repr": "CC(RES): PARK", "action_flag": 1, "change_message": "[{\"added\": {}}]"}}, {"model": "admin.logentry", "pk": 73, "fields": {"action_time": "2017-06-29T21:01:32.648Z", "user": 5, "content_type": 62, "object_id": "30", "object_repr": "CC(RES): STORM_WATER", "action_flag": 1, "change_message": "[{\"added\": {}}]"}}, {"model": "admin.logentry", "pk": 74, "fields": {"action_time": "2017-06-29T21:02:02.862Z", "user": 5, "content_type": 62, "object_id": "31", "object_repr": "CC(NONR): ROADS", "action_flag": 1, "change_message": "[{\"added\": {}}]"}}, {"model": "admin.logentry", "pk": 75, "fields": {"action_time": "2017-06-29T21:02:20.842Z", "user": 5, "content_type": 62, "object_id": "32", "object_repr": "CC(NONR): OPEN_SPACE", "action_flag": 1, "change_message": "[{\"added\": {}}]"}}, {"model": "admin.logentry", "pk": 76, "fields": {"action_time": "2017-06-29T21:02:46.559Z", "user": 5, "content_type": 62, "object_id": "33", "object_repr": "CC(NONR): SEWER_CAP", "action_flag": 1, "change_message": "[{\"added\": {}}]"}}, {"model": "admin.logentry", "pk": 77, "fields": {"action_time": "2017-06-29T21:03:12.883Z", "user": 5, "content_type": 62, "object_id": "34", "object_repr": "CC(NONR): SEWER_TRANS", "action_flag": 1, "change_message": "[{\"added\": {}}]"}}, {"model": "admin.logentry", "pk": 78, "fields": {"action_time": "2017-06-29T21:03:32.529Z", "user": 5, "content_type": 62, "object_id": "35", "object_repr": "CC(NONR): PARK", "action_flag": 1, "change_message": "[{\"added\": {}}]"}}, {"model": "admin.logentry", "pk": 79, "fields": {"action_time": "2017-06-29T21:03:54.247Z", "user": 5, "content_type": 62, "object_id": "36", "object_repr": "CC(NONR): STORM_WATER", "action_flag": 1, "change_message": "[{\"added\": {}}]"}}, {"model": "admin.logentry", "pk": 80, "fields": {"action_time": "2017-06-29T21:04:19.489Z", "user": 5, "content_type": 62, "object_id": "37", "object_repr": "ED: ROADS", "action_flag": 1, "change_message": "[{\"added\": {}}]"}}, {"model": "admin.logentry", "pk": 81, "fields": {"action_time": "2017-06-29T21:04:37.295Z", "user": 5, "content_type": 62, "object_id": "38", "object_repr": "ED: OPEN_SPACE", "action_flag": 1, "change_message": "[{\"added\": {}}]"}}, {"model": "admin.logentry", "pk": 82, "fields": {"action_time": "2017-06-29T21:04:58.804Z", "user": 5, "content_type": 62, "object_id": "39", "object_repr": "ED: SEWER_CAP", "action_flag": 1, "change_message": "[{\"added\": {}}]"}}, {"model": "admin.logentry", "pk": 83, "fields": {"action_time": "2017-06-29T21:05:25.889Z", "user": 5, "content_type": 62, "object_id": "40", "object_repr": "ED: SEWER_TRANS", "action_flag": 1, "change_message": "[{\"added\": {}}]"}}, {"model": "admin.logentry", "pk": 84, "fields": {"action_time": "2017-06-29T21:05:41.715Z", "user": 5, "content_type": 62, "object_id": "41", "object_repr": "ED: PARK", "action_flag": 1, "change_message": "[{\"added\": {}}]"}}, {"model": "admin.logentry", "pk": 85, "fields": {"action_time": "2017-06-29T21:06:01.618Z", "user": 5, "content_type": 62, "object_id": "42", "object_repr": "ED: STORM_WATER", "action_flag": 1, "change_message": "[{\"added\": {}}]"}}]