[{"model": "contenttypes.contenttype", "pk": 1, "fields": {"app_label": "admin", "model": "logentry"}}, {"model": "contenttypes.contenttype", "pk": 2, "fields": {"app_label": "auth", "model": "permission"}}, {"model": "contenttypes.contenttype", "pk": 3, "fields": {"app_label": "auth", "model": "user"}}, {"model": "contenttypes.contenttype", "pk": 4, "fields": {"app_label": "auth", "model": "group"}}, {"model": "contenttypes.contenttype", "pk": 5, "fields": {"app_label": "contenttypes", "model": "contenttype"}}, {"model": "contenttypes.contenttype", "pk": 6, "fields": {"app_label": "sessions", "model": "session"}}, {"model": "contenttypes.contenttype", "pk": 7, "fields": {"app_label": "authtoken", "model": "token"}}, {"model": "contenttypes.contenttype", "pk": 8, "fields": {"app_label": "accounts", "model": "project"}}, {"model": "contenttypes.contenttype", "pk": 9, "fields": {"app_label": "accounts", "model": "accountledger"}}, {"model": "contenttypes.contenttype", "pk": 10, "fields": {"app_label": "accounts", "model": "historicalproject"}}, {"model": "contenttypes.contenttype", "pk": 11, "fields": {"app_label": "accounts", "model": "historicalprojectcostestimate"}}, {"model": "contenttypes.contenttype", "pk": 12, "fields": {"app_label": "accounts", "model": "payment"}}, {"model": "contenttypes.contenttype", "pk": 13, "fields": {"app_label": "accounts", "model": "agreement"}}, {"model": "contenttypes.contenttype", "pk": 14, "fields": {"app_label": "accounts", "model": "historicalaccount"}}, {"model": "contenttypes.contenttype", "pk": 15, "fields": {"app_label": "accounts", "model": "historicalpayment"}}, {"model": "contenttypes.contenttype", "pk": 16, "fields": {"app_label": "accounts", "model": "historicalagreement"}}, {"model": "contenttypes.contenttype", "pk": 17, "fields": {"app_label": "accounts", "model": "historicalaccountledger"}}, {"model": "contenttypes.contenttype", "pk": 18, "fields": {"app_label": "accounts", "model": "account"}}, {"model": "contenttypes.contenttype", "pk": 19, "fields": {"app_label": "accounts", "model": "projectcostestimate"}}, {"model": "contenttypes.contenttype", "pk": 20, "fields": {"app_label": "notes", "model": "historicalratetable"}}, {"model": "contenttypes.contenttype", "pk": 21, "fields": {"app_label": "notes", "model": "note"}}, {"model": "contenttypes.contenttype", "pk": 22, "fields": {"app_label": "notes", "model": "historicalrate"}}, {"model": "contenttypes.contenttype", "pk": 23, "fields": {"app_label": "notes", "model": "historicalnote"}}, {"model": "contenttypes.contenttype", "pk": 24, "fields": {"app_label": "notes", "model": "ratetable"}}, {"model": "contenttypes.contenttype", "pk": 25, "fields": {"app_label": "notes", "model": "rate"}}, {"model": "contenttypes.contenttype", "pk": 26, "fields": {"app_label": "plats", "model": "historicallot"}}, {"model": "contenttypes.contenttype", "pk": 27, "fields": {"app_label": "plats", "model": "calculationworksheet"}}, {"model": "contenttypes.contenttype", "pk": 28, "fields": {"app_label": "plats", "model": "lot"}}, {"model": "contenttypes.contenttype", "pk": 29, "fields": {"app_label": "plats", "model": "plat"}}, {"model": "contenttypes.contenttype", "pk": 30, "fields": {"app_label": "plats", "model": "historicalplat"}}, {"model": "contenttypes.contenttype", "pk": 31, "fields": {"app_label": "plats", "model": "historicalsubdivision"}}, {"model": "contenttypes.contenttype", "pk": 32, "fields": {"app_label": "plats", "model": "historicalplatzone"}}, {"model": "contenttypes.contenttype", "pk": 33, "fields": {"app_label": "plats", "model": "historicalcalculationworksheet"}}, {"model": "contenttypes.contenttype", "pk": 34, "fields": {"app_label": "plats", "model": "platzone"}}, {"model": "contenttypes.contenttype", "pk": 35, "fields": {"app_label": "plats", "model": "subdivision"}}, {"model": "contenttypes.contenttype", "pk": 36, "fields": {"app_label": "rest_framework_expiring_authtoken", "model": "expiringtoken"}}, {"model": "sessions.session", "pk": "10tbamrw3foiyv33ljmhq2em9ktbmnmi", "fields": {"session_data": "YjU0OGVmZGMyNTc0ZTAwZDBiNzdiYjU2MWYyMDEwNmRjZjkwZTU5ZDp7Il9hdXRoX3VzZXJfaGFzaCI6IjcxYjYzZTk4N2JjZmRjZTU4NDE0ODY5ZWVlZDgzN2U1NmRkMDQyMzciLCJfYXV0aF91c2VyX2JhY2tlbmQiOiJkamFuZ28uY29udHJpYi5hdXRoLmJhY2tlbmRzLk1vZGVsQmFja2VuZCIsIl9hdXRoX3VzZXJfaWQiOiIxIn0=", "expire_date": "2017-08-03T17:18:02.044Z"}}, {"model": "sessions.session", "pk": "9mvfg4640ub1s0ffvpwnvxx7gxpp762p", "fields": {"session_data": "MjQ5OGZkYTdiNDkyY2I4MTkxMWJjMDJmNjY0N2U5ODI5MmY3MGY5Mjp7Il9hdXRoX3VzZXJfYmFja2VuZCI6ImRqYW5nby5jb250cmliLmF1dGguYmFja2VuZHMuTW9kZWxCYWNrZW5kIiwiX2F1dGhfdXNlcl9oYXNoIjoiNzFiNjNlOTg3YmNmZGNlNTg0MTQ4NjllZWVkODM3ZTU2ZGQwNDIzNyIsIl9hdXRoX3VzZXJfaWQiOiIxIn0=", "expire_date": "2017-08-03T15:08:05.880Z"}}, {"model": "sessions.session", "pk": "ax8n9nxq40vnsal88m0h74j64biqqat1", "fields": {"session_data": "ZTMyNDM5ZDVkZjg3YzU4MTE5MzEzYWJkNjE1M2E0ZDBmM2ExN2QyMTp7Il9hdXRoX3VzZXJfaWQiOiIxIiwiX2F1dGhfdXNlcl9oYXNoIjoiNzFiNjNlOTg3YmNmZGNlNTg0MTQ4NjllZWVkODM3ZTU2ZGQwNDIzNyIsIl9hdXRoX3VzZXJfYmFja2VuZCI6ImRqYW5nby5jb250cmliLmF1dGguYmFja2VuZHMuTW9kZWxCYWNrZW5kIn0=", "expire_date": "2017-08-08T13:44:06.565Z"}}, {"model": "sessions.session", "pk": "sdedjinitibvzmgo25dnav2oa850i0sy", "fields": {"session_data": "YjU0OGVmZGMyNTc0ZTAwZDBiNzdiYjU2MWYyMDEwNmRjZjkwZTU5ZDp7Il9hdXRoX3VzZXJfaGFzaCI6IjcxYjYzZTk4N2JjZmRjZTU4NDE0ODY5ZWVlZDgzN2U1NmRkMDQyMzciLCJfYXV0aF91c2VyX2JhY2tlbmQiOiJkamFuZ28uY29udHJpYi5hdXRoLmJhY2tlbmRzLk1vZGVsQmFja2VuZCIsIl9hdXRoX3VzZXJfaWQiOiIxIn0=", "expire_date": "2017-08-05T01:00:01.830Z"}}, {"model": "sessions.session", "pk": "w1lfxf6aidpz1qciwvxu4qbt8y6t5pn9", "fields": {"session_data": "MjQ5OGZkYTdiNDkyY2I4MTkxMWJjMDJmNjY0N2U5ODI5MmY3MGY5Mjp7Il9hdXRoX3VzZXJfYmFja2VuZCI6ImRqYW5nby5jb250cmliLmF1dGguYmFja2VuZHMuTW9kZWxCYWNrZW5kIiwiX2F1dGhfdXNlcl9oYXNoIjoiNzFiNjNlOTg3YmNmZGNlNTg0MTQ4NjllZWVkODM3ZTU2ZGQwNDIzNyIsIl9hdXRoX3VzZXJfaWQiOiIxIn0=", "expire_date": "2017-08-07T15:08:37.978Z"}}, {"model": "sessions.session", "pk": "xm6w70nlwza8c20ph674i7umjc6ga4a5", "fields": {"session_data": "YjU0OGVmZGMyNTc0ZTAwZDBiNzdiYjU2MWYyMDEwNmRjZjkwZTU5ZDp7Il9hdXRoX3VzZXJfaGFzaCI6IjcxYjYzZTk4N2JjZmRjZTU4NDE0ODY5ZWVlZDgzN2U1NmRkMDQyMzciLCJfYXV0aF91c2VyX2JhY2tlbmQiOiJkamFuZ28uY29udHJpYi5hdXRoLmJhY2tlbmRzLk1vZGVsQmFja2VuZCIsIl9hdXRoX3VzZXJfaWQiOiIxIn0=", "expire_date": "2017-08-04T19:51:07.652Z"}}, {"model": "auth.permission", "pk": 1, "fields": {"name": "Can add log entry", "content_type": 1, "codename": "add_logentry"}}, {"model": "auth.permission", "pk": 2, "fields": {"name": "Can change log entry", "content_type": 1, "codename": "change_logentry"}}, {"model": "auth.permission", "pk": 3, "fields": {"name": "Can delete log entry", "content_type": 1, "codename": "delete_logentry"}}, {"model": "auth.permission", "pk": 4, "fields": {"name": "Can add permission", "content_type": 2, "codename": "add_permission"}}, {"model": "auth.permission", "pk": 5, "fields": {"name": "Can change permission", "content_type": 2, "codename": "change_permission"}}, {"model": "auth.permission", "pk": 6, "fields": {"name": "Can delete permission", "content_type": 2, "codename": "delete_permission"}}, {"model": "auth.permission", "pk": 7, "fields": {"name": "Can add user", "content_type": 3, "codename": "add_user"}}, {"model": "auth.permission", "pk": 8, "fields": {"name": "Can change user", "content_type": 3, "codename": "change_user"}}, {"model": "auth.permission", "pk": 9, "fields": {"name": "Can delete user", "content_type": 3, "codename": "delete_user"}}, {"model": "auth.permission", "pk": 10, "fields": {"name": "Can add group", "content_type": 4, "codename": "add_group"}}, {"model": "auth.permission", "pk": 11, "fields": {"name": "Can change group", "content_type": 4, "codename": "change_group"}}, {"model": "auth.permission", "pk": 12, "fields": {"name": "Can delete group", "content_type": 4, "codename": "delete_group"}}, {"model": "auth.permission", "pk": 13, "fields": {"name": "Can add content type", "content_type": 5, "codename": "add_contenttype"}}, {"model": "auth.permission", "pk": 14, "fields": {"name": "Can change content type", "content_type": 5, "codename": "change_contenttype"}}, {"model": "auth.permission", "pk": 15, "fields": {"name": "Can delete content type", "content_type": 5, "codename": "delete_contenttype"}}, {"model": "auth.permission", "pk": 16, "fields": {"name": "Can add session", "content_type": 6, "codename": "add_session"}}, {"model": "auth.permission", "pk": 17, "fields": {"name": "Can change session", "content_type": 6, "codename": "change_session"}}, {"model": "auth.permission", "pk": 18, "fields": {"name": "Can delete session", "content_type": 6, "codename": "delete_session"}}, {"model": "auth.permission", "pk": 19, "fields": {"name": "Can add Token", "content_type": 7, "codename": "add_token"}}, {"model": "auth.permission", "pk": 20, "fields": {"name": "Can change Token", "content_type": 7, "codename": "change_token"}}, {"model": "auth.permission", "pk": 21, "fields": {"name": "Can delete Token", "content_type": 7, "codename": "delete_token"}}, {"model": "auth.permission", "pk": 22, "fields": {"name": "Can add project", "content_type": 8, "codename": "add_project"}}, {"model": "auth.permission", "pk": 23, "fields": {"name": "Can change project", "content_type": 8, "codename": "change_project"}}, {"model": "auth.permission", "pk": 24, "fields": {"name": "Can delete project", "content_type": 8, "codename": "delete_project"}}, {"model": "auth.permission", "pk": 25, "fields": {"name": "Can add account ledger", "content_type": 9, "codename": "add_accountledger"}}, {"model": "auth.permission", "pk": 26, "fields": {"name": "Can change account ledger", "content_type": 9, "codename": "change_accountledger"}}, {"model": "auth.permission", "pk": 27, "fields": {"name": "Can delete account ledger", "content_type": 9, "codename": "delete_accountledger"}}, {"model": "auth.permission", "pk": 28, "fields": {"name": "Can add historical project", "content_type": 10, "codename": "add_historicalproject"}}, {"model": "auth.permission", "pk": 29, "fields": {"name": "Can change historical project", "content_type": 10, "codename": "change_historicalproject"}}, {"model": "auth.permission", "pk": 30, "fields": {"name": "Can delete historical project", "content_type": 10, "codename": "delete_historicalproject"}}, {"model": "auth.permission", "pk": 31, "fields": {"name": "Can add historical project cost estimate", "content_type": 11, "codename": "add_historicalprojectcostestimate"}}, {"model": "auth.permission", "pk": 32, "fields": {"name": "Can change historical project cost estimate", "content_type": 11, "codename": "change_historicalprojectcostestimate"}}, {"model": "auth.permission", "pk": 33, "fields": {"name": "Can delete historical project cost estimate", "content_type": 11, "codename": "delete_historicalprojectcostestimate"}}, {"model": "auth.permission", "pk": 34, "fields": {"name": "Can add payment", "content_type": 12, "codename": "add_payment"}}, {"model": "auth.permission", "pk": 35, "fields": {"name": "Can change payment", "content_type": 12, "codename": "change_payment"}}, {"model": "auth.permission", "pk": 36, "fields": {"name": "Can delete payment", "content_type": 12, "codename": "delete_payment"}}, {"model": "auth.permission", "pk": 37, "fields": {"name": "Can add agreement", "content_type": 13, "codename": "add_agreement"}}, {"model": "auth.permission", "pk": 38, "fields": {"name": "Can change agreement", "content_type": 13, "codename": "change_agreement"}}, {"model": "auth.permission", "pk": 39, "fields": {"name": "Can delete agreement", "content_type": 13, "codename": "delete_agreement"}}, {"model": "auth.permission", "pk": 40, "fields": {"name": "Can add historical account", "content_type": 14, "codename": "add_historicalaccount"}}, {"model": "auth.permission", "pk": 41, "fields": {"name": "Can change historical account", "content_type": 14, "codename": "change_historicalaccount"}}, {"model": "auth.permission", "pk": 42, "fields": {"name": "Can delete historical account", "content_type": 14, "codename": "delete_historicalaccount"}}, {"model": "auth.permission", "pk": 43, "fields": {"name": "Can add historical payment", "content_type": 15, "codename": "add_historicalpayment"}}, {"model": "auth.permission", "pk": 44, "fields": {"name": "Can change historical payment", "content_type": 15, "codename": "change_historicalpayment"}}, {"model": "auth.permission", "pk": 45, "fields": {"name": "Can delete historical payment", "content_type": 15, "codename": "delete_historicalpayment"}}, {"model": "auth.permission", "pk": 46, "fields": {"name": "Can add historical agreement", "content_type": 16, "codename": "add_historicalagreement"}}, {"model": "auth.permission", "pk": 47, "fields": {"name": "Can change historical agreement", "content_type": 16, "codename": "change_historicalagreement"}}, {"model": "auth.permission", "pk": 48, "fields": {"name": "Can delete historical agreement", "content_type": 16, "codename": "delete_historicalagreement"}}, {"model": "auth.permission", "pk": 49, "fields": {"name": "Can add historical account ledger", "content_type": 17, "codename": "add_historicalaccountledger"}}, {"model": "auth.permission", "pk": 50, "fields": {"name": "Can change historical account ledger", "content_type": 17, "codename": "change_historicalaccountledger"}}, {"model": "auth.permission", "pk": 51, "fields": {"name": "Can delete historical account ledger", "content_type": 17, "codename": "delete_historicalaccountledger"}}, {"model": "auth.permission", "pk": 52, "fields": {"name": "Can add account", "content_type": 18, "codename": "add_account"}}, {"model": "auth.permission", "pk": 53, "fields": {"name": "Can change account", "content_type": 18, "codename": "change_account"}}, {"model": "auth.permission", "pk": 54, "fields": {"name": "Can delete account", "content_type": 18, "codename": "delete_account"}}, {"model": "auth.permission", "pk": 55, "fields": {"name": "Can add project cost estimate", "content_type": 19, "codename": "add_projectcostestimate"}}, {"model": "auth.permission", "pk": 56, "fields": {"name": "Can change project cost estimate", "content_type": 19, "codename": "change_projectcostestimate"}}, {"model": "auth.permission", "pk": 57, "fields": {"name": "Can delete project cost estimate", "content_type": 19, "codename": "delete_projectcostestimate"}}, {"model": "auth.permission", "pk": 58, "fields": {"name": "Can add historical rate table", "content_type": 20, "codename": "add_historicalratetable"}}, {"model": "auth.permission", "pk": 59, "fields": {"name": "Can change historical rate table", "content_type": 20, "codename": "change_historicalratetable"}}, {"model": "auth.permission", "pk": 60, "fields": {"name": "Can delete historical rate table", "content_type": 20, "codename": "delete_historicalratetable"}}, {"model": "auth.permission", "pk": 61, "fields": {"name": "Can add note", "content_type": 21, "codename": "add_note"}}, {"model": "auth.permission", "pk": 62, "fields": {"name": "Can change note", "content_type": 21, "codename": "change_note"}}, {"model": "auth.permission", "pk": 63, "fields": {"name": "Can delete note", "content_type": 21, "codename": "delete_note"}}, {"model": "auth.permission", "pk": 64, "fields": {"name": "Can add historical rate", "content_type": 22, "codename": "add_historicalrate"}}, {"model": "auth.permission", "pk": 65, "fields": {"name": "Can change historical rate", "content_type": 22, "codename": "change_historicalrate"}}, {"model": "auth.permission", "pk": 66, "fields": {"name": "Can delete historical rate", "content_type": 22, "codename": "delete_historicalrate"}}, {"model": "auth.permission", "pk": 67, "fields": {"name": "Can add historical note", "content_type": 23, "codename": "add_historicalnote"}}, {"model": "auth.permission", "pk": 68, "fields": {"name": "Can change historical note", "content_type": 23, "codename": "change_historicalnote"}}, {"model": "auth.permission", "pk": 69, "fields": {"name": "Can delete historical note", "content_type": 23, "codename": "delete_historicalnote"}}, {"model": "auth.permission", "pk": 70, "fields": {"name": "Can add rate table", "content_type": 24, "codename": "add_ratetable"}}, {"model": "auth.permission", "pk": 71, "fields": {"name": "Can change rate table", "content_type": 24, "codename": "change_ratetable"}}, {"model": "auth.permission", "pk": 72, "fields": {"name": "Can delete rate table", "content_type": 24, "codename": "delete_ratetable"}}, {"model": "auth.permission", "pk": 73, "fields": {"name": "Can add rate", "content_type": 25, "codename": "add_rate"}}, {"model": "auth.permission", "pk": 74, "fields": {"name": "Can change rate", "content_type": 25, "codename": "change_rate"}}, {"model": "auth.permission", "pk": 75, "fields": {"name": "Can delete rate", "content_type": 25, "codename": "delete_rate"}}, {"model": "auth.permission", "pk": 76, "fields": {"name": "Can add historical lot", "content_type": 26, "codename": "add_historicallot"}}, {"model": "auth.permission", "pk": 77, "fields": {"name": "Can change historical lot", "content_type": 26, "codename": "change_historicallot"}}, {"model": "auth.permission", "pk": 78, "fields": {"name": "Can delete historical lot", "content_type": 26, "codename": "delete_historicallot"}}, {"model": "auth.permission", "pk": 79, "fields": {"name": "Can add calculation worksheet", "content_type": 27, "codename": "add_calculationworksheet"}}, {"model": "auth.permission", "pk": 80, "fields": {"name": "Can change calculation worksheet", "content_type": 27, "codename": "change_calculationworksheet"}}, {"model": "auth.permission", "pk": 81, "fields": {"name": "Can delete calculation worksheet", "content_type": 27, "codename": "delete_calculationworksheet"}}, {"model": "auth.permission", "pk": 82, "fields": {"name": "Can add lot", "content_type": 28, "codename": "add_lot"}}, {"model": "auth.permission", "pk": 83, "fields": {"name": "Can change lot", "content_type": 28, "codename": "change_lot"}}, {"model": "auth.permission", "pk": 84, "fields": {"name": "Can delete lot", "content_type": 28, "codename": "delete_lot"}}, {"model": "auth.permission", "pk": 85, "fields": {"name": "Can add plat", "content_type": 29, "codename": "add_plat"}}, {"model": "auth.permission", "pk": 86, "fields": {"name": "Can change plat", "content_type": 29, "codename": "change_plat"}}, {"model": "auth.permission", "pk": 87, "fields": {"name": "Can delete plat", "content_type": 29, "codename": "delete_plat"}}, {"model": "auth.permission", "pk": 88, "fields": {"name": "Can add historical plat", "content_type": 30, "codename": "add_historicalplat"}}, {"model": "auth.permission", "pk": 89, "fields": {"name": "Can change historical plat", "content_type": 30, "codename": "change_historicalplat"}}, {"model": "auth.permission", "pk": 90, "fields": {"name": "Can delete historical plat", "content_type": 30, "codename": "delete_historicalplat"}}, {"model": "auth.permission", "pk": 91, "fields": {"name": "Can add historical subdivision", "content_type": 31, "codename": "add_historicalsubdivision"}}, {"model": "auth.permission", "pk": 92, "fields": {"name": "Can change historical subdivision", "content_type": 31, "codename": "change_historicalsubdivision"}}, {"model": "auth.permission", "pk": 93, "fields": {"name": "Can delete historical subdivision", "content_type": 31, "codename": "delete_historicalsubdivision"}}, {"model": "auth.permission", "pk": 94, "fields": {"name": "Can add historical plat zone", "content_type": 32, "codename": "add_historicalplatzone"}}, {"model": "auth.permission", "pk": 95, "fields": {"name": "Can change historical plat zone", "content_type": 32, "codename": "change_historicalplatzone"}}, {"model": "auth.permission", "pk": 96, "fields": {"name": "Can delete historical plat zone", "content_type": 32, "codename": "delete_historicalplatzone"}}, {"model": "auth.permission", "pk": 97, "fields": {"name": "Can add historical calculation worksheet", "content_type": 33, "codename": "add_historicalcalculationworksheet"}}, {"model": "auth.permission", "pk": 98, "fields": {"name": "Can change historical calculation worksheet", "content_type": 33, "codename": "change_historicalcalculationworksheet"}}, {"model": "auth.permission", "pk": 99, "fields": {"name": "Can delete historical calculation worksheet", "content_type": 33, "codename": "delete_historicalcalculationworksheet"}}, {"model": "auth.permission", "pk": 100, "fields": {"name": "Can add plat zone", "content_type": 34, "codename": "add_platzone"}}, {"model": "auth.permission", "pk": 101, "fields": {"name": "Can change plat zone", "content_type": 34, "codename": "change_platzone"}}, {"model": "auth.permission", "pk": 102, "fields": {"name": "Can delete plat zone", "content_type": 34, "codename": "delete_platzone"}}, {"model": "auth.permission", "pk": 103, "fields": {"name": "Can add subdivision", "content_type": 35, "codename": "add_subdivision"}}, {"model": "auth.permission", "pk": 104, "fields": {"name": "Can change subdivision", "content_type": 35, "codename": "change_subdivision"}}, {"model": "auth.permission", "pk": 105, "fields": {"name": "Can delete subdivision", "content_type": 35, "codename": "delete_subdivision"}}, {"model": "auth.permission", "pk": 106, "fields": {"name": "Can add expiring token", "content_type": 7, "codename": "add_expiringtoken"}}, {"model": "auth.permission", "pk": 107, "fields": {"name": "Can change expiring token", "content_type": 7, "codename": "change_expiringtoken"}}, {"model": "auth.permission", "pk": 108, "fields": {"name": "Can delete expiring token", "content_type": 7, "codename": "delete_expiringtoken"}}, {"model": "auth.group", "pk": 2, "fields": {"name": "Finance", "permissions": [52, 53, 54, 25, 26, 27, 37, 38, 39, 34, 35, 36, 61, 62, 79, 80, 82, 83, 85, 86, 100, 101, 103, 104]}}, {"model": "auth.group", "pk": 3, "fields": {"name": "Planning", "permissions": [34, 35, 61, 62, 79, 80, 82, 83, 85, 86, 100, 101, 103, 104]}}, {"model": "auth.group", "pk": 4, "fields": {"name": "Building Inspection", "permissions": [22, 23, 82, 83]}}, {"model": "auth.user", "pk": 1, "fields": {"password": "bcrypt_sha256$$2b$12$PP9v0nzrfqKl4NqtucvVZ.gTY5Q.mcFn369W/gX2QA3kTaRFW8BbS", "last_login": "2017-07-25T13:44:06.552Z", "is_superuser": true, "username": "kelly", "first_name": "Kelly", "last_name": "Wright", "email": "kelly@apaxsoftware.com", "is_staff": true, "is_active": true, "date_joined": "2017-06-29T13:14:44Z", "groups": [], "user_permissions": []}}, {"model": "auth.user", "pk": 2, "fields": {"password": "bcrypt_sha256$$2b$12$E2MPo.kFngPPv3syG4.gZ.DywDhnmntqG4VdrSl6K0amRc8zzNpxC", "last_login": null, "is_superuser": false, "username": "bobplat", "first_name": "Bob", "last_name": "Plat", "email": "bo@bpl.com", "is_staff": false, "is_active": true, "date_joined": "2017-07-21T14:50:22Z", "groups": [], "user_permissions": []}}, {"model": "auth.user", "pk": 3, "fields": {"password": "bcrypt_sha256$$2b$12$b8hr6wbQLuQohnXT90tb0eifal83B5PSp/ldjYAmQp7PkmtBDmEK.", "last_login": null, "is_superuser": false, "username": "noplat", "first_name": "no", "last_name": "plat", "email": "no@pla.com", "is_staff": false, "is_active": true, "date_joined": "2017-07-21T14:51:38Z", "groups": [], "user_permissions": []}}, {"model": "authtoken.token", "pk": "6dd1a023fbf4b7798572420d6f59d93fc6303087", "fields": {"user": 1, "created": "2017-07-22T01:00:18.073Z"}}, {"model": "authtoken.token", "pk": "87017234a3b597a1477cd691b07e447a3a6da037", "fields": {"user": 3, "created": "2017-07-21T14:53:04.905Z"}}, {"model": "authtoken.token", "pk": "9296c87dc1b594d09bd131946346b4fae9fddc74", "fields": {"user": 2, "created": "2017-07-21T19:01:39.428Z"}}, {"model": "notes.ratetable", "pk": 1, "fields": {"is_active": true, "date_created": "2017-06-29", "date_modified": "2017-07-17", "created_by": 1, "modified_by": 1, "begin_effective_date": "2010-03-25", "end_effective_date": "2017-11-24", "resolution_number": "149-2010"}}, {"model": "notes.rate", "pk": 1, "fields": {"is_active": true, "date_created": "2017-07-19", "date_modified": "2017-07-19", "created_by": 1, "modified_by": 1, "rate_table_id": 1, "expansion_area": "EA-1", "zone": "EAR-1", "category": "ROADS", "rate": "0.00"}}, {"model": "notes.rate", "pk": 2, "fields": {"is_active": true, "date_created": "2017-07-19", "date_modified": "2017-07-19", "created_by": 1, "modified_by": 1, "rate_table_id": 1, "expansion_area": "EA-2A", "zone": "EAR-1", "category": "ROADS", "rate": "7583.97"}}, {"model": "notes.rate", "pk": 3, "fields": {"is_active": true, "date_created": "2017-07-19", "date_modified": "2017-07-19", "created_by": 1, "modified_by": 1, "rate_table_id": 1, "expansion_area": "EA-2B", "zone": "EAR-1", "category": "ROADS", "rate": "7583.97"}}, {"model": "notes.rate", "pk": 4, "fields": {"is_active": true, "date_created": "2017-07-19", "date_modified": "2017-07-19", "created_by": 1, "modified_by": 1, "rate_table_id": 1, "expansion_area": "EA-2C", "zone": "EAR-1", "category": "ROADS", "rate": "2330.49"}}, {"model": "notes.rate", "pk": 5, "fields": {"is_active": true, "date_created": "2017-07-19", "date_modified": "2017-07-19", "created_by": 1, "modified_by": 1, "rate_table_id": 1, "expansion_area": "EA-3", "zone": "EAR-1", "category": "ROADS", "rate": "2364.41"}}, {"model": "notes.rate", "pk": 6, "fields": {"is_active": true, "date_created": "2017-07-19", "date_modified": "2017-07-19", "created_by": 1, "modified_by": 1, "rate_table_id": 1, "expansion_area": "EA-1", "zone": "EAR1-SRA", "category": "ROADS", "rate": "0.00"}}, {"model": "notes.rate", "pk": 7, "fields": {"is_active": true, "date_created": "2017-07-19", "date_modified": "2017-07-19", "created_by": 1, "modified_by": 1, "rate_table_id": 1, "expansion_area": "EA-2A", "zone": "EAR1-SRA", "category": "ROADS", "rate": "2275.19"}}, {"model": "notes.rate", "pk": 8, "fields": {"is_active": true, "date_created": "2017-07-19", "date_modified": "2017-07-19", "created_by": 1, "modified_by": 1, "rate_table_id": 1, "expansion_area": "EA-2B", "zone": "EAR1-SRA", "category": "ROADS", "rate": "2275.19"}}, {"model": "notes.rate", "pk": 9, "fields": {"is_active": true, "date_created": "2017-07-19", "date_modified": "2017-07-19", "created_by": 1, "modified_by": 1, "rate_table_id": 1, "expansion_area": "EA-2C", "zone": "EAR1-SRA", "category": "ROADS", "rate": "0.00"}}, {"model": "notes.rate", "pk": 10, "fields": {"is_active": true, "date_created": "2017-07-19", "date_modified": "2017-07-19", "created_by": 1, "modified_by": 1, "rate_table_id": 1, "expansion_area": "EA-3", "zone": "EAR1-SRA", "category": "ROADS", "rate": "0.00"}}, {"model": "notes.rate", "pk": 11, "fields": {"is_active": true, "date_created": "2017-07-19", "date_modified": "2017-07-19", "created_by": 1, "modified_by": 1, "rate_table_id": 1, "expansion_area": "EA-1", "zone": "EAR-2", "category": "ROADS", "rate": "0.00"}}, {"model": "notes.rate", "pk": 12, "fields": {"is_active": true, "date_created": "2017-07-19", "date_modified": "2017-07-19", "created_by": 1, "modified_by": 1, "rate_table_id": 1, "expansion_area": "EA-2A", "zone": "EAR-2", "category": "ROADS", "rate": "17063.93"}}, {"model": "notes.rate", "pk": 13, "fields": {"is_active": true, "date_created": "2017-07-19", "date_modified": "2017-07-19", "created_by": 1, "modified_by": 1, "rate_table_id": 1, "expansion_area": "EA-2B", "zone": "EAR-2", "category": "ROADS", "rate": "17063.93"}}, {"model": "notes.rate", "pk": 14, "fields": {"is_active": true, "date_created": "2017-07-19", "date_modified": "2017-07-19", "created_by": 1, "modified_by": 1, "rate_table_id": 1, "expansion_area": "EA-2C", "zone": "EAR-2", "category": "ROADS", "rate": "5243.59"}}, {"model": "notes.rate", "pk": 15, "fields": {"is_active": true, "date_created": "2017-07-19", "date_modified": "2017-07-19", "created_by": 1, "modified_by": 1, "rate_table_id": 1, "expansion_area": "EA-3", "zone": "EAR-2", "category": "ROADS", "rate": "5319.92"}}, {"model": "notes.rate", "pk": 16, "fields": {"is_active": true, "date_created": "2017-07-19", "date_modified": "2017-07-19", "created_by": 1, "modified_by": 1, "rate_table_id": 1, "expansion_area": "EA-1", "zone": "EAR-3", "category": "ROADS", "rate": "0.00"}}, {"model": "notes.rate", "pk": 17, "fields": {"is_active": true, "date_created": "2017-07-19", "date_modified": "2017-07-19", "created_by": 1, "modified_by": 1, "rate_table_id": 1, "expansion_area": "EA-2A", "zone": "EAR-3", "category": "ROADS", "rate": "31852.66"}}, {"model": "notes.rate", "pk": 18, "fields": {"is_active": true, "date_created": "2017-07-19", "date_modified": "2017-07-19", "created_by": 1, "modified_by": 1, "rate_table_id": 1, "expansion_area": "EA-2B", "zone": "EAR-3", "category": "ROADS", "rate": "0.00"}}, {"model": "notes.rate", "pk": 19, "fields": {"is_active": true, "date_created": "2017-07-19", "date_modified": "2017-07-19", "created_by": 1, "modified_by": 1, "rate_table_id": 1, "expansion_area": "EA-2C", "zone": "EAR-3", "category": "ROADS", "rate": "0.00"}}, {"model": "notes.rate", "pk": 20, "fields": {"is_active": true, "date_created": "2017-07-19", "date_modified": "2017-07-19", "created_by": 1, "modified_by": 1, "rate_table_id": 1, "expansion_area": "EA-3", "zone": "EAR-3", "category": "ROADS", "rate": "0.00"}}, {"model": "notes.rate", "pk": 21, "fields": {"is_active": true, "date_created": "2017-07-19", "date_modified": "2017-07-19", "created_by": 1, "modified_by": 1, "rate_table_id": 1, "expansion_area": "EA-1", "zone": "CC(RES)", "category": "ROADS", "rate": "0.00"}}, {"model": "notes.rate", "pk": 22, "fields": {"is_active": true, "date_created": "2017-07-19", "date_modified": "2017-07-19", "created_by": 1, "modified_by": 1, "rate_table_id": 1, "expansion_area": "EA-2A", "zone": "CC(RES)", "category": "ROADS", "rate": "31852.66"}}, {"model": "notes.rate", "pk": 23, "fields": {"is_active": true, "date_created": "2017-07-19", "date_modified": "2017-07-19", "created_by": 1, "modified_by": 1, "rate_table_id": 1, "expansion_area": "EA-2B", "zone": "CC(RES)", "category": "ROADS", "rate": "31852.66"}}, {"model": "notes.rate", "pk": 24, "fields": {"is_active": true, "date_created": "2017-07-19", "date_modified": "2017-07-19", "created_by": 1, "modified_by": 1, "rate_table_id": 1, "expansion_area": "EA-2C", "zone": "CC(RES)", "category": "ROADS", "rate": "9788.04"}}, {"model": "notes.rate", "pk": 25, "fields": {"is_active": true, "date_created": "2017-07-19", "date_modified": "2017-07-19", "created_by": 1, "modified_by": 1, "rate_table_id": 1, "expansion_area": "EA-3", "zone": "CC(RES)", "category": "ROADS", "rate": "9930.52"}}, {"model": "notes.rate", "pk": 26, "fields": {"is_active": true, "date_created": "2017-07-19", "date_modified": "2017-07-19", "created_by": 1, "modified_by": 1, "rate_table_id": 1, "expansion_area": "EA-1", "zone": "CC(NONR)", "category": "ROADS", "rate": "0.00"}}, {"model": "notes.rate", "pk": 27, "fields": {"is_active": true, "date_created": "2017-07-19", "date_modified": "2017-07-19", "created_by": 1, "modified_by": 1, "rate_table_id": 1, "expansion_area": "EA-2A", "zone": "CC(NONR)", "category": "ROADS", "rate": "144531.45"}}, {"model": "notes.rate", "pk": 28, "fields": {"is_active": true, "date_created": "2017-07-19", "date_modified": "2017-07-19", "created_by": 1, "modified_by": 1, "rate_table_id": 1, "expansion_area": "EA-2B", "zone": "CC(NONR)", "category": "ROADS", "rate": "144531.45"}}, {"model": "notes.rate", "pk": 29, "fields": {"is_active": true, "date_created": "2017-07-19", "date_modified": "2017-07-19", "created_by": 1, "modified_by": 1, "rate_table_id": 1, "expansion_area": "EA-2C", "zone": "CC(NONR)", "category": "ROADS", "rate": "44413.24"}}, {"model": "notes.rate", "pk": 30, "fields": {"is_active": true, "date_created": "2017-07-19", "date_modified": "2017-07-19", "created_by": 1, "modified_by": 1, "rate_table_id": 1, "expansion_area": "EA-3", "zone": "CC(NONR)", "category": "ROADS", "rate": "45059.72"}}, {"model": "notes.rate", "pk": 31, "fields": {"is_active": true, "date_created": "2017-07-19", "date_modified": "2017-07-19", "created_by": 1, "modified_by": 1, "rate_table_id": 1, "expansion_area": "EA-1", "zone": "ED", "category": "ROADS", "rate": "0.00"}}, {"model": "notes.rate", "pk": 32, "fields": {"is_active": true, "date_created": "2017-07-19", "date_modified": "2017-07-19", "created_by": 1, "modified_by": 1, "rate_table_id": 1, "expansion_area": "EA-2A", "zone": "ED", "category": "ROADS", "rate": "40295.37"}}, {"model": "notes.rate", "pk": 33, "fields": {"is_active": true, "date_created": "2017-07-19", "date_modified": "2017-07-19", "created_by": 1, "modified_by": 1, "rate_table_id": 1, "expansion_area": "EA-2B", "zone": "ED", "category": "ROADS", "rate": "40295.37"}}, {"model": "notes.rate", "pk": 34, "fields": {"is_active": true, "date_created": "2017-07-19", "date_modified": "2017-07-19", "created_by": 1, "modified_by": 1, "rate_table_id": 1, "expansion_area": "EA-2C", "zone": "ED", "category": "ROADS", "rate": "0.00"}}, {"model": "notes.rate", "pk": 35, "fields": {"is_active": true, "date_created": "2017-07-19", "date_modified": "2017-07-19", "created_by": 1, "modified_by": 1, "rate_table_id": 1, "expansion_area": "EA-3", "zone": "ED", "category": "ROADS", "rate": "12562.65"}}, {"model": "notes.rate", "pk": 36, "fields": {"is_active": true, "date_created": "2017-07-19", "date_modified": "2017-07-19", "created_by": 1, "modified_by": 1, "rate_table_id": 1, "expansion_area": "EA-1", "zone": "EAR-1", "category": "PARK", "rate": "0.00"}}, {"model": "notes.rate", "pk": 37, "fields": {"is_active": true, "date_created": "2017-07-19", "date_modified": "2017-07-19", "created_by": 1, "modified_by": 1, "rate_table_id": 1, "expansion_area": "EA-2A", "zone": "EAR-1", "category": "PARK", "rate": "2367.61"}}, {"model": "notes.rate", "pk": 38, "fields": {"is_active": true, "date_created": "2017-07-19", "date_modified": "2017-07-19", "created_by": 1, "modified_by": 1, "rate_table_id": 1, "expansion_area": "EA-2B", "zone": "EAR-1", "category": "PARK", "rate": "2367.61"}}, {"model": "notes.rate", "pk": 39, "fields": {"is_active": true, "date_created": "2017-07-19", "date_modified": "2017-07-19", "created_by": 1, "modified_by": 1, "rate_table_id": 1, "expansion_area": "EA-2C", "zone": "EAR-1", "category": "PARK", "rate": "1463.31"}}, {"model": "notes.rate", "pk": 40, "fields": {"is_active": true, "date_created": "2017-07-19", "date_modified": "2017-07-19", "created_by": 1, "modified_by": 1, "rate_table_id": 1, "expansion_area": "EA-3", "zone": "EAR-1", "category": "PARK", "rate": "0.00"}}, {"model": "notes.rate", "pk": 41, "fields": {"is_active": true, "date_created": "2017-07-19", "date_modified": "2017-07-19", "created_by": 1, "modified_by": 1, "rate_table_id": 1, "expansion_area": "EA-1", "zone": "EAR1-SRA", "category": "PARK", "rate": "0.00"}}, {"model": "notes.rate", "pk": 42, "fields": {"is_active": true, "date_created": "2017-07-19", "date_modified": "2017-07-19", "created_by": 1, "modified_by": 1, "rate_table_id": 1, "expansion_area": "EA-2A", "zone": "EAR1-SRA", "category": "PARK", "rate": "710.28"}}, {"model": "notes.rate", "pk": 43, "fields": {"is_active": true, "date_created": "2017-07-19", "date_modified": "2017-07-19", "created_by": 1, "modified_by": 1, "rate_table_id": 1, "expansion_area": "EA-2B", "zone": "EAR1-SRA", "category": "PARK", "rate": "710.28"}}, {"model": "notes.rate", "pk": 44, "fields": {"is_active": true, "date_created": "2017-07-19", "date_modified": "2017-07-19", "created_by": 1, "modified_by": 1, "rate_table_id": 1, "expansion_area": "EA-2C", "zone": "EAR1-SRA", "category": "PARK", "rate": "0.00"}}, {"model": "notes.rate", "pk": 45, "fields": {"is_active": true, "date_created": "2017-07-19", "date_modified": "2017-07-19", "created_by": 1, "modified_by": 1, "rate_table_id": 1, "expansion_area": "EA-3", "zone": "EAR1-SRA", "category": "PARK", "rate": "0.00"}}, {"model": "notes.rate", "pk": 46, "fields": {"is_active": true, "date_created": "2017-07-19", "date_modified": "2017-07-19", "created_by": 1, "modified_by": 1, "rate_table_id": 1, "expansion_area": "EA-1", "zone": "EAR-2", "category": "PARK", "rate": "0.00"}}, {"model": "notes.rate", "pk": 47, "fields": {"is_active": true, "date_created": "2017-07-19", "date_modified": "2017-07-19", "created_by": 1, "modified_by": 1, "rate_table_id": 1, "expansion_area": "EA-2A", "zone": "EAR-2", "category": "PARK", "rate": "5327.13"}}, {"model": "notes.rate", "pk": 48, "fields": {"is_active": true, "date_created": "2017-07-19", "date_modified": "2017-07-19", "created_by": 1, "modified_by": 1, "rate_table_id": 1, "expansion_area": "EA-2B", "zone": "EAR-2", "category": "PARK", "rate": "5327.13"}}, {"model": "notes.rate", "pk": 49, "fields": {"is_active": true, "date_created": "2017-07-19", "date_modified": "2017-07-19", "created_by": 1, "modified_by": 1, "rate_table_id": 1, "expansion_area": "EA-2C", "zone": "EAR-2", "category": "PARK", "rate": "3292.44"}}, {"model": "notes.rate", "pk": 50, "fields": {"is_active": true, "date_created": "2017-07-19", "date_modified": "2017-07-19", "created_by": 1, "modified_by": 1, "rate_table_id": 1, "expansion_area": "EA-3", "zone": "EAR-2", "category": "PARK", "rate": "0.00"}}, {"model": "notes.rate", "pk": 51, "fields": {"is_active": true, "date_created": "2017-07-19", "date_modified": "2017-07-19", "created_by": 1, "modified_by": 1, "rate_table_id": 1, "expansion_area": "EA-1", "zone": "EAR-3", "category": "PARK", "rate": "0.00"}}, {"model": "notes.rate", "pk": 52, "fields": {"is_active": true, "date_created": "2017-07-19", "date_modified": "2017-07-19", "created_by": 1, "modified_by": 1, "rate_table_id": 1, "expansion_area": "EA-2A", "zone": "EAR-3", "category": "PARK", "rate": "14205.68"}}, {"model": "notes.rate", "pk": 53, "fields": {"is_active": true, "date_created": "2017-07-19", "date_modified": "2017-07-19", "created_by": 1, "modified_by": 1, "rate_table_id": 1, "expansion_area": "EA-2B", "zone": "EAR-3", "category": "PARK", "rate": "0.00"}}, {"model": "notes.rate", "pk": 54, "fields": {"is_active": true, "date_created": "2017-07-19", "date_modified": "2017-07-19", "created_by": 1, "modified_by": 1, "rate_table_id": 1, "expansion_area": "EA-2C", "zone": "EAR-3", "category": "PARK", "rate": "0.00"}}, {"model": "notes.rate", "pk": 55, "fields": {"is_active": true, "date_created": "2017-07-19", "date_modified": "2017-07-19", "created_by": 1, "modified_by": 1, "rate_table_id": 1, "expansion_area": "EA-3", "zone": "EAR-3", "category": "PARK", "rate": "0.00"}}, {"model": "notes.rate", "pk": 56, "fields": {"is_active": true, "date_created": "2017-07-19", "date_modified": "2017-07-19", "created_by": 1, "modified_by": 1, "rate_table_id": 1, "expansion_area": "EA-1", "zone": "CC(RES)", "category": "PARK", "rate": "0.00"}}, {"model": "notes.rate", "pk": 57, "fields": {"is_active": true, "date_created": "2017-07-19", "date_modified": "2017-07-19", "created_by": 1, "modified_by": 1, "rate_table_id": 1, "expansion_area": "EA-2A", "zone": "CC(RES)", "category": "PARK", "rate": "14205.68"}}, {"model": "notes.rate", "pk": 58, "fields": {"is_active": true, "date_created": "2017-07-19", "date_modified": "2017-07-19", "created_by": 1, "modified_by": 1, "rate_table_id": 1, "expansion_area": "EA-2B", "zone": "CC(RES)", "category": "PARK", "rate": "14205.68"}}, {"model": "notes.rate", "pk": 59, "fields": {"is_active": true, "date_created": "2017-07-19", "date_modified": "2017-07-19", "created_by": 1, "modified_by": 1, "rate_table_id": 1, "expansion_area": "EA-2C", "zone": "CC(RES)", "category": "PARK", "rate": "8779.83"}}, {"model": "notes.rate", "pk": 60, "fields": {"is_active": true, "date_created": "2017-07-19", "date_modified": "2017-07-19", "created_by": 1, "modified_by": 1, "rate_table_id": 1, "expansion_area": "EA-3", "zone": "CC(RES)", "category": "PARK", "rate": "0.00"}}, {"model": "notes.rate", "pk": 61, "fields": {"is_active": true, "date_created": "2017-07-19", "date_modified": "2017-07-19", "created_by": 1, "modified_by": 1, "rate_table_id": 1, "expansion_area": "EA-1", "zone": "CC(NONR)", "category": "PARK", "rate": "0.00"}}, {"model": "notes.rate", "pk": 62, "fields": {"is_active": true, "date_created": "2017-07-19", "date_modified": "2017-07-19", "created_by": 1, "modified_by": 1, "rate_table_id": 1, "expansion_area": "EA-2A", "zone": "CC(NONR)", "category": "PARK", "rate": "0.00"}}, {"model": "notes.rate", "pk": 63, "fields": {"is_active": true, "date_created": "2017-07-19", "date_modified": "2017-07-19", "created_by": 1, "modified_by": 1, "rate_table_id": 1, "expansion_area": "EA-2B", "zone": "CC(NONR)", "category": "PARK", "rate": "0.00"}}, {"model": "notes.rate", "pk": 64, "fields": {"is_active": true, "date_created": "2017-07-19", "date_modified": "2017-07-19", "created_by": 1, "modified_by": 1, "rate_table_id": 1, "expansion_area": "EA-2C", "zone": "CC(NONR)", "category": "PARK", "rate": "0.00"}}, {"model": "notes.rate", "pk": 65, "fields": {"is_active": true, "date_created": "2017-07-19", "date_modified": "2017-07-19", "created_by": 1, "modified_by": 1, "rate_table_id": 1, "expansion_area": "EA-3", "zone": "CC(NONR)", "category": "PARK", "rate": "0.00"}}, {"model": "notes.rate", "pk": 66, "fields": {"is_active": true, "date_created": "2017-07-19", "date_modified": "2017-07-19", "created_by": 1, "modified_by": 1, "rate_table_id": 1, "expansion_area": "EA-1", "zone": "ED", "category": "PARK", "rate": "0.00"}}, {"model": "notes.rate", "pk": 67, "fields": {"is_active": true, "date_created": "2017-07-19", "date_modified": "2017-07-19", "created_by": 1, "modified_by": 1, "rate_table_id": 1, "expansion_area": "EA-2A", "zone": "ED", "category": "PARK", "rate": "0.00"}}, {"model": "notes.rate", "pk": 68, "fields": {"is_active": true, "date_created": "2017-07-19", "date_modified": "2017-07-19", "created_by": 1, "modified_by": 1, "rate_table_id": 1, "expansion_area": "EA-2B", "zone": "ED", "category": "PARK", "rate": "0.00"}}, {"model": "notes.rate", "pk": 69, "fields": {"is_active": true, "date_created": "2017-07-19", "date_modified": "2017-07-19", "created_by": 1, "modified_by": 1, "rate_table_id": 1, "expansion_area": "EA-2C", "zone": "ED", "category": "PARK", "rate": "0.00"}}, {"model": "notes.rate", "pk": 70, "fields": {"is_active": true, "date_created": "2017-07-19", "date_modified": "2017-07-19", "created_by": 1, "modified_by": 1, "rate_table_id": 1, "expansion_area": "EA-3", "zone": "ED", "category": "PARK", "rate": "0.00"}}, {"model": "notes.rate", "pk": 71, "fields": {"is_active": true, "date_created": "2017-07-19", "date_modified": "2017-07-19", "created_by": 1, "modified_by": 1, "rate_table_id": 1, "expansion_area": "EA-1", "zone": "EAR-1", "category": "STORM_WATER", "rate": "0.00"}}, {"model": "notes.rate", "pk": 72, "fields": {"is_active": true, "date_created": "2017-07-19", "date_modified": "2017-07-19", "created_by": 1, "modified_by": 1, "rate_table_id": 1, "expansion_area": "EA-2A", "zone": "EAR-1", "category": "STORM_WATER", "rate": "3509.07"}}, {"model": "notes.rate", "pk": 73, "fields": {"is_active": true, "date_created": "2017-07-19", "date_modified": "2017-07-19", "created_by": 1, "modified_by": 1, "rate_table_id": 1, "expansion_area": "EA-2B", "zone": "EAR-1", "category": "STORM_WATER", "rate": "5084.62"}}, {"model": "notes.rate", "pk": 74, "fields": {"is_active": true, "date_created": "2017-07-19", "date_modified": "2017-07-19", "created_by": 1, "modified_by": 1, "rate_table_id": 1, "expansion_area": "EA-2C", "zone": "EAR-1", "category": "STORM_WATER", "rate": "6943.87"}}, {"model": "notes.rate", "pk": 75, "fields": {"is_active": true, "date_created": "2017-07-19", "date_modified": "2017-07-19", "created_by": 1, "modified_by": 1, "rate_table_id": 1, "expansion_area": "EA-3", "zone": "EAR-1", "category": "STORM_WATER", "rate": "0.00"}}, {"model": "notes.rate", "pk": 76, "fields": {"is_active": true, "date_created": "2017-07-19", "date_modified": "2017-07-19", "created_by": 1, "modified_by": 1, "rate_table_id": 1, "expansion_area": "EA-1", "zone": "EAR1-SRA", "category": "STORM_WATER", "rate": "0.00"}}, {"model": "notes.rate", "pk": 77, "fields": {"is_active": true, "date_created": "2017-07-19", "date_modified": "2017-07-19", "created_by": 1, "modified_by": 1, "rate_table_id": 1, "expansion_area": "EA-2A", "zone": "EAR1-SRA", "category": "STORM_WATER", "rate": "701.81"}}, {"model": "notes.rate", "pk": 78, "fields": {"is_active": true, "date_created": "2017-07-19", "date_modified": "2017-07-19", "created_by": 1, "modified_by": 1, "rate_table_id": 1, "expansion_area": "EA-2B", "zone": "EAR1-SRA", "category": "STORM_WATER", "rate": "1016.92"}}, {"model": "notes.rate", "pk": 79, "fields": {"is_active": true, "date_created": "2017-07-19", "date_modified": "2017-07-19", "created_by": 1, "modified_by": 1, "rate_table_id": 1, "expansion_area": "EA-2C", "zone": "EAR1-SRA", "category": "STORM_WATER", "rate": "0.00"}}, {"model": "notes.rate", "pk": 80, "fields": {"is_active": true, "date_created": "2017-07-19", "date_modified": "2017-07-19", "created_by": 1, "modified_by": 1, "rate_table_id": 1, "expansion_area": "EA-3", "zone": "EAR1-SRA", "category": "STORM_WATER", "rate": "0.00"}}, {"model": "notes.rate", "pk": 81, "fields": {"is_active": true, "date_created": "2017-07-19", "date_modified": "2017-07-19", "created_by": 1, "modified_by": 1, "rate_table_id": 1, "expansion_area": "EA-1", "zone": "EAR-2", "category": "STORM_WATER", "rate": "0.00"}}, {"model": "notes.rate", "pk": 82, "fields": {"is_active": true, "date_created": "2017-07-19", "date_modified": "2017-07-19", "created_by": 1, "modified_by": 1, "rate_table_id": 1, "expansion_area": "EA-2A", "zone": "EAR-2", "category": "STORM_WATER", "rate": "5088.16"}}, {"model": "notes.rate", "pk": 83, "fields": {"is_active": true, "date_created": "2017-07-19", "date_modified": "2017-07-19", "created_by": 1, "modified_by": 1, "rate_table_id": 1, "expansion_area": "EA-2B", "zone": "EAR-2", "category": "STORM_WATER", "rate": "7372.70"}}, {"model": "notes.rate", "pk": 84, "fields": {"is_active": true, "date_created": "2017-07-19", "date_modified": "2017-07-19", "created_by": 1, "modified_by": 1, "rate_table_id": 1, "expansion_area": "EA-2C", "zone": "EAR-2", "category": "STORM_WATER", "rate": "10068.62"}}, {"model": "notes.rate", "pk": 85, "fields": {"is_active": true, "date_created": "2017-07-19", "date_modified": "2017-07-19", "created_by": 1, "modified_by": 1, "rate_table_id": 1, "expansion_area": "EA-3", "zone": "EAR-2", "category": "STORM_WATER", "rate": "0.00"}}, {"model": "notes.rate", "pk": 86, "fields": {"is_active": true, "date_created": "2017-07-19", "date_modified": "2017-07-19", "created_by": 1, "modified_by": 1, "rate_table_id": 1, "expansion_area": "EA-1", "zone": "EAR-3", "category": "STORM_WATER", "rate": "0.00"}}, {"model": "notes.rate", "pk": 87, "fields": {"is_active": true, "date_created": "2017-07-19", "date_modified": "2017-07-19", "created_by": 1, "modified_by": 1, "rate_table_id": 1, "expansion_area": "EA-2A", "zone": "EAR-3", "category": "STORM_WATER", "rate": "12457.21"}}, {"model": "notes.rate", "pk": 88, "fields": {"is_active": true, "date_created": "2017-07-19", "date_modified": "2017-07-19", "created_by": 1, "modified_by": 1, "rate_table_id": 1, "expansion_area": "EA-2B", "zone": "EAR-3", "category": "STORM_WATER", "rate": "0.00"}}, {"model": "notes.rate", "pk": 89, "fields": {"is_active": true, "date_created": "2017-07-19", "date_modified": "2017-07-19", "created_by": 1, "modified_by": 1, "rate_table_id": 1, "expansion_area": "EA-2C", "zone": "EAR-3", "category": "STORM_WATER", "rate": "0.00"}}, {"model": "notes.rate", "pk": 90, "fields": {"is_active": true, "date_created": "2017-07-19", "date_modified": "2017-07-19", "created_by": 1, "modified_by": 1, "rate_table_id": 1, "expansion_area": "EA-3", "zone": "EAR-3", "category": "STORM_WATER", "rate": "0.00"}}, {"model": "notes.rate", "pk": 91, "fields": {"is_active": true, "date_created": "2017-07-19", "date_modified": "2017-07-19", "created_by": 1, "modified_by": 1, "rate_table_id": 1, "expansion_area": "EA-1", "zone": "CC(RES)", "category": "STORM_WATER", "rate": "0.00"}}, {"model": "notes.rate", "pk": 92, "fields": {"is_active": true, "date_created": "2017-07-19", "date_modified": "2017-07-19", "created_by": 1, "modified_by": 1, "rate_table_id": 1, "expansion_area": "EA-2A", "zone": "CC(RES)", "category": "STORM_WATER", "rate": "12457.21"}}, {"model": "notes.rate", "pk": 93, "fields": {"is_active": true, "date_created": "2017-07-19", "date_modified": "2017-07-19", "created_by": 1, "modified_by": 1, "rate_table_id": 1, "expansion_area": "EA-2B", "zone": "CC(RES)", "category": "STORM_WATER", "rate": "18050.40"}}, {"model": "notes.rate", "pk": 94, "fields": {"is_active": true, "date_created": "2017-07-19", "date_modified": "2017-07-19", "created_by": 1, "modified_by": 1, "rate_table_id": 1, "expansion_area": "EA-2C", "zone": "CC(RES)", "category": "STORM_WATER", "rate": "24650.76"}}, {"model": "notes.rate", "pk": 95, "fields": {"is_active": true, "date_created": "2017-07-19", "date_modified": "2017-07-19", "created_by": 1, "modified_by": 1, "rate_table_id": 1, "expansion_area": "EA-3", "zone": "CC(RES)", "category": "STORM_WATER", "rate": "0.00"}}, {"model": "notes.rate", "pk": 96, "fields": {"is_active": true, "date_created": "2017-07-19", "date_modified": "2017-07-19", "created_by": 1, "modified_by": 1, "rate_table_id": 1, "expansion_area": "EA-1", "zone": "CC(NONR)", "category": "STORM_WATER", "rate": "0.00"}}, {"model": "notes.rate", "pk": 97, "fields": {"is_active": true, "date_created": "2017-07-19", "date_modified": "2017-07-19", "created_by": 1, "modified_by": 1, "rate_table_id": 1, "expansion_area": "EA-2A", "zone": "CC(NONR)", "category": "STORM_WATER", "rate": "12457.21"}}, {"model": "notes.rate", "pk": 98, "fields": {"is_active": true, "date_created": "2017-07-19", "date_modified": "2017-07-19", "created_by": 1, "modified_by": 1, "rate_table_id": 1, "expansion_area": "EA-2B", "zone": "CC(NONR)", "category": "STORM_WATER", "rate": "18050.40"}}, {"model": "notes.rate", "pk": 99, "fields": {"is_active": true, "date_created": "2017-07-19", "date_modified": "2017-07-19", "created_by": 1, "modified_by": 1, "rate_table_id": 1, "expansion_area": "EA-2C", "zone": "CC(NONR)", "category": "STORM_WATER", "rate": "24650.76"}}, {"model": "notes.rate", "pk": 100, "fields": {"is_active": true, "date_created": "2017-07-19", "date_modified": "2017-07-19", "created_by": 1, "modified_by": 1, "rate_table_id": 1, "expansion_area": "EA-3", "zone": "CC(NONR)", "category": "STORM_WATER", "rate": "0.00"}}, {"model": "notes.rate", "pk": 101, "fields": {"is_active": true, "date_created": "2017-07-19", "date_modified": "2017-07-19", "created_by": 1, "modified_by": 1, "rate_table_id": 1, "expansion_area": "EA-1", "zone": "ED", "category": "STORM_WATER", "rate": "0.00"}}, {"model": "notes.rate", "pk": 102, "fields": {"is_active": true, "date_created": "2017-07-19", "date_modified": "2017-07-19", "created_by": 1, "modified_by": 1, "rate_table_id": 1, "expansion_area": "EA-2A", "zone": "ED", "category": "STORM_WATER", "rate": "12457.21"}}, {"model": "notes.rate", "pk": 103, "fields": {"is_active": true, "date_created": "2017-07-19", "date_modified": "2017-07-19", "created_by": 1, "modified_by": 1, "rate_table_id": 1, "expansion_area": "EA-2B", "zone": "ED", "category": "STORM_WATER", "rate": "0.00"}}, {"model": "notes.rate", "pk": 104, "fields": {"is_active": true, "date_created": "2017-07-19", "date_modified": "2017-07-19", "created_by": 1, "modified_by": 1, "rate_table_id": 1, "expansion_area": "EA-2C", "zone": "ED", "category": "STORM_WATER", "rate": "0.00"}}, {"model": "notes.rate", "pk": 105, "fields": {"is_active": true, "date_created": "2017-07-19", "date_modified": "2017-07-19", "created_by": 1, "modified_by": 1, "rate_table_id": 1, "expansion_area": "EA-3", "zone": "ED", "category": "STORM_WATER", "rate": "0.00"}}, {"model": "notes.rate", "pk": 106, "fields": {"is_active": true, "date_created": "2017-07-19", "date_modified": "2017-07-19", "created_by": 1, "modified_by": 1, "rate_table_id": 1, "expansion_area": "EA-1", "zone": "EAR-1", "category": "OPEN_SPACE", "rate": "1000.00"}}, {"model": "notes.rate", "pk": 107, "fields": {"is_active": true, "date_created": "2017-07-19", "date_modified": "2017-07-19", "created_by": 1, "modified_by": 1, "rate_table_id": 1, "expansion_area": "EA-2A", "zone": "EAR-1", "category": "OPEN_SPACE", "rate": "1000.00"}}, {"model": "notes.rate", "pk": 108, "fields": {"is_active": true, "date_created": "2017-07-19", "date_modified": "2017-07-19", "created_by": 1, "modified_by": 1, "rate_table_id": 1, "expansion_area": "EA-2B", "zone": "EAR-1", "category": "OPEN_SPACE", "rate": "1000.00"}}, {"model": "notes.rate", "pk": 109, "fields": {"is_active": true, "date_created": "2017-07-19", "date_modified": "2017-07-19", "created_by": 1, "modified_by": 1, "rate_table_id": 1, "expansion_area": "EA-2C", "zone": "EAR-1", "category": "OPEN_SPACE", "rate": "1000.00"}}, {"model": "notes.rate", "pk": 110, "fields": {"is_active": true, "date_created": "2017-07-19", "date_modified": "2017-07-19", "created_by": 1, "modified_by": 1, "rate_table_id": 1, "expansion_area": "EA-3", "zone": "EAR-1", "category": "OPEN_SPACE", "rate": "1000.00"}}, {"model": "notes.rate", "pk": 111, "fields": {"is_active": true, "date_created": "2017-07-19", "date_modified": "2017-07-19", "created_by": 1, "modified_by": 1, "rate_table_id": 1, "expansion_area": "EA-1", "zone": "EAR1-SRA", "category": "OPEN_SPACE", "rate": "0.00"}}, {"model": "notes.rate", "pk": 112, "fields": {"is_active": true, "date_created": "2017-07-19", "date_modified": "2017-07-19", "created_by": 1, "modified_by": 1, "rate_table_id": 1, "expansion_area": "EA-2A", "zone": "EAR1-SRA", "category": "OPEN_SPACE", "rate": "1000.00"}}, {"model": "notes.rate", "pk": 113, "fields": {"is_active": true, "date_created": "2017-07-19", "date_modified": "2017-07-19", "created_by": 1, "modified_by": 1, "rate_table_id": 1, "expansion_area": "EA-2B", "zone": "EAR1-SRA", "category": "OPEN_SPACE", "rate": "1000.00"}}, {"model": "notes.rate", "pk": 114, "fields": {"is_active": true, "date_created": "2017-07-19", "date_modified": "2017-07-19", "created_by": 1, "modified_by": 1, "rate_table_id": 1, "expansion_area": "EA-2C", "zone": "EAR1-SRA", "category": "OPEN_SPACE", "rate": "0.00"}}, {"model": "notes.rate", "pk": 115, "fields": {"is_active": true, "date_created": "2017-07-19", "date_modified": "2017-07-19", "created_by": 1, "modified_by": 1, "rate_table_id": 1, "expansion_area": "EA-3", "zone": "EAR1-SRA", "category": "OPEN_SPACE", "rate": "0.00"}}, {"model": "notes.rate", "pk": 116, "fields": {"is_active": true, "date_created": "2017-07-19", "date_modified": "2017-07-19", "created_by": 1, "modified_by": 1, "rate_table_id": 1, "expansion_area": "EA-1", "zone": "EAR-2", "category": "OPEN_SPACE", "rate": "0.00"}}, {"model": "notes.rate", "pk": 117, "fields": {"is_active": true, "date_created": "2017-07-19", "date_modified": "2017-07-19", "created_by": 1, "modified_by": 1, "rate_table_id": 1, "expansion_area": "EA-2A", "zone": "EAR-2", "category": "OPEN_SPACE", "rate": "1000.00"}}, {"model": "notes.rate", "pk": 118, "fields": {"is_active": true, "date_created": "2017-07-19", "date_modified": "2017-07-19", "created_by": 1, "modified_by": 1, "rate_table_id": 1, "expansion_area": "EA-2B", "zone": "EAR-2", "category": "OPEN_SPACE", "rate": "1000.00"}}, {"model": "notes.rate", "pk": 119, "fields": {"is_active": true, "date_created": "2017-07-19", "date_modified": "2017-07-19", "created_by": 1, "modified_by": 1, "rate_table_id": 1, "expansion_area": "EA-2C", "zone": "EAR-2", "category": "OPEN_SPACE", "rate": "1000.00"}}, {"model": "notes.rate", "pk": 120, "fields": {"is_active": true, "date_created": "2017-07-19", "date_modified": "2017-07-19", "created_by": 1, "modified_by": 1, "rate_table_id": 1, "expansion_area": "EA-3", "zone": "EAR-2", "category": "OPEN_SPACE", "rate": "1000.00"}}, {"model": "notes.rate", "pk": 121, "fields": {"is_active": true, "date_created": "2017-07-19", "date_modified": "2017-07-19", "created_by": 1, "modified_by": 1, "rate_table_id": 1, "expansion_area": "EA-1", "zone": "EAR-3", "category": "OPEN_SPACE", "rate": "0.00"}}, {"model": "notes.rate", "pk": 122, "fields": {"is_active": true, "date_created": "2017-07-19", "date_modified": "2017-07-19", "created_by": 1, "modified_by": 1, "rate_table_id": 1, "expansion_area": "EA-2A", "zone": "EAR-3", "category": "OPEN_SPACE", "rate": "1000.00"}}, {"model": "notes.rate", "pk": 123, "fields": {"is_active": true, "date_created": "2017-07-19", "date_modified": "2017-07-19", "created_by": 1, "modified_by": 1, "rate_table_id": 1, "expansion_area": "EA-2B", "zone": "EAR-3", "category": "OPEN_SPACE", "rate": "0.00"}}, {"model": "notes.rate", "pk": 124, "fields": {"is_active": true, "date_created": "2017-07-19", "date_modified": "2017-07-19", "created_by": 1, "modified_by": 1, "rate_table_id": 1, "expansion_area": "EA-2C", "zone": "EAR-3", "category": "OPEN_SPACE", "rate": "0.00"}}, {"model": "notes.rate", "pk": 125, "fields": {"is_active": true, "date_created": "2017-07-19", "date_modified": "2017-07-19", "created_by": 1, "modified_by": 1, "rate_table_id": 1, "expansion_area": "EA-3", "zone": "EAR-3", "category": "OPEN_SPACE", "rate": "0.00"}}, {"model": "notes.rate", "pk": 126, "fields": {"is_active": true, "date_created": "2017-07-19", "date_modified": "2017-07-19", "created_by": 1, "modified_by": 1, "rate_table_id": 1, "expansion_area": "EA-1", "zone": "CC(RES)", "category": "OPEN_SPACE", "rate": "0.00"}}, {"model": "notes.rate", "pk": 127, "fields": {"is_active": true, "date_created": "2017-07-19", "date_modified": "2017-07-19", "created_by": 1, "modified_by": 1, "rate_table_id": 1, "expansion_area": "EA-2A", "zone": "CC(RES)", "category": "OPEN_SPACE", "rate": "1000.00"}}, {"model": "notes.rate", "pk": 128, "fields": {"is_active": true, "date_created": "2017-07-19", "date_modified": "2017-07-19", "created_by": 1, "modified_by": 1, "rate_table_id": 1, "expansion_area": "EA-2B", "zone": "CC(RES)", "category": "OPEN_SPACE", "rate": "1000.00"}}, {"model": "notes.rate", "pk": 129, "fields": {"is_active": true, "date_created": "2017-07-19", "date_modified": "2017-07-19", "created_by": 1, "modified_by": 1, "rate_table_id": 1, "expansion_area": "EA-2C", "zone": "CC(RES)", "category": "OPEN_SPACE", "rate": "1000.00"}}, {"model": "notes.rate", "pk": 130, "fields": {"is_active": true, "date_created": "2017-07-19", "date_modified": "2017-07-19", "created_by": 1, "modified_by": 1, "rate_table_id": 1, "expansion_area": "EA-3", "zone": "CC(RES)", "category": "OPEN_SPACE", "rate": "1000.00"}}, {"model": "notes.rate", "pk": 131, "fields": {"is_active": true, "date_created": "2017-07-19", "date_modified": "2017-07-19", "created_by": 1, "modified_by": 1, "rate_table_id": 1, "expansion_area": "EA-1", "zone": "CC(NONR)", "category": "OPEN_SPACE", "rate": "0.00"}}, {"model": "notes.rate", "pk": 132, "fields": {"is_active": true, "date_created": "2017-07-19", "date_modified": "2017-07-19", "created_by": 1, "modified_by": 1, "rate_table_id": 1, "expansion_area": "EA-2A", "zone": "CC(NONR)", "category": "OPEN_SPACE", "rate": "1000.00"}}, {"model": "notes.rate", "pk": 133, "fields": {"is_active": true, "date_created": "2017-07-19", "date_modified": "2017-07-19", "created_by": 1, "modified_by": 1, "rate_table_id": 1, "expansion_area": "EA-2B", "zone": "CC(NONR)", "category": "OPEN_SPACE", "rate": "1000.00"}}, {"model": "notes.rate", "pk": 134, "fields": {"is_active": true, "date_created": "2017-07-19", "date_modified": "2017-07-19", "created_by": 1, "modified_by": 1, "rate_table_id": 1, "expansion_area": "EA-2C", "zone": "CC(NONR)", "category": "OPEN_SPACE", "rate": "1000.00"}}, {"model": "notes.rate", "pk": 135, "fields": {"is_active": true, "date_created": "2017-07-19", "date_modified": "2017-07-19", "created_by": 1, "modified_by": 1, "rate_table_id": 1, "expansion_area": "EA-3", "zone": "CC(NONR)", "category": "OPEN_SPACE", "rate": "1000.00"}}, {"model": "notes.rate", "pk": 136, "fields": {"is_active": true, "date_created": "2017-07-19", "date_modified": "2017-07-19", "created_by": 1, "modified_by": 1, "rate_table_id": 1, "expansion_area": "EA-1", "zone": "ED", "category": "OPEN_SPACE", "rate": "0.00"}}, {"model": "notes.rate", "pk": 137, "fields": {"is_active": true, "date_created": "2017-07-19", "date_modified": "2017-07-19", "created_by": 1, "modified_by": 1, "rate_table_id": 1, "expansion_area": "EA-2A", "zone": "ED", "category": "OPEN_SPACE", "rate": "1000.00"}}, {"model": "notes.rate", "pk": 138, "fields": {"is_active": true, "date_created": "2017-07-19", "date_modified": "2017-07-19", "created_by": 1, "modified_by": 1, "rate_table_id": 1, "expansion_area": "EA-2B", "zone": "ED", "category": "OPEN_SPACE", "rate": "0.00"}}, {"model": "notes.rate", "pk": 139, "fields": {"is_active": true, "date_created": "2017-07-19", "date_modified": "2017-07-19", "created_by": 1, "modified_by": 1, "rate_table_id": 1, "expansion_area": "EA-2C", "zone": "ED", "category": "OPEN_SPACE", "rate": "0.00"}}, {"model": "notes.rate", "pk": 140, "fields": {"is_active": true, "date_created": "2017-07-19", "date_modified": "2017-07-19", "created_by": 1, "modified_by": 1, "rate_table_id": 1, "expansion_area": "EA-3", "zone": "ED", "category": "OPEN_SPACE", "rate": "1000.00"}}, {"model": "notes.rate", "pk": 141, "fields": {"is_active": true, "date_created": "2017-07-19", "date_modified": "2017-07-19", "created_by": 1, "modified_by": 1, "rate_table_id": 1, "expansion_area": "EA-1", "zone": "EAR-1", "category": "SEWER_TRANS", "rate": "7944.35"}}, {"model": "notes.rate", "pk": 142, "fields": {"is_active": true, "date_created": "2017-07-19", "date_modified": "2017-07-19", "created_by": 1, "modified_by": 1, "rate_table_id": 1, "expansion_area": "EA-2A", "zone": "EAR-1", "category": "SEWER_TRANS", "rate": "2123.08"}}, {"model": "notes.rate", "pk": 143, "fields": {"is_active": true, "date_created": "2017-07-19", "date_modified": "2017-07-19", "created_by": 1, "modified_by": 1, "rate_table_id": 1, "expansion_area": "EA-2B", "zone": "EAR-1", "category": "SEWER_TRANS", "rate": "2445.62"}}, {"model": "notes.rate", "pk": 144, "fields": {"is_active": true, "date_created": "2017-07-19", "date_modified": "2017-07-19", "created_by": 1, "modified_by": 1, "rate_table_id": 1, "expansion_area": "EA-2C", "zone": "EAR-1", "category": "SEWER_TRANS", "rate": "4420.51"}}, {"model": "notes.rate", "pk": 145, "fields": {"is_active": true, "date_created": "2017-07-19", "date_modified": "2017-07-19", "created_by": 1, "modified_by": 1, "rate_table_id": 1, "expansion_area": "EA-3", "zone": "EAR-1", "category": "SEWER_TRANS", "rate": "1950.01"}}, {"model": "notes.rate", "pk": 146, "fields": {"is_active": true, "date_created": "2017-07-19", "date_modified": "2017-07-19", "created_by": 1, "modified_by": 1, "rate_table_id": 1, "expansion_area": "EA-1", "zone": "EAR1-SRA", "category": "SEWER_TRANS", "rate": "0.00"}}, {"model": "notes.rate", "pk": 147, "fields": {"is_active": true, "date_created": "2017-07-19", "date_modified": "2017-07-19", "created_by": 1, "modified_by": 1, "rate_table_id": 1, "expansion_area": "EA-2A", "zone": "EAR1-SRA", "category": "SEWER_TRANS", "rate": "636.92"}}, {"model": "notes.rate", "pk": 148, "fields": {"is_active": true, "date_created": "2017-07-19", "date_modified": "2017-07-19", "created_by": 1, "modified_by": 1, "rate_table_id": 1, "expansion_area": "EA-2B", "zone": "EAR1-SRA", "category": "SEWER_TRANS", "rate": "733.69"}}, {"model": "notes.rate", "pk": 149, "fields": {"is_active": true, "date_created": "2017-07-19", "date_modified": "2017-07-19", "created_by": 1, "modified_by": 1, "rate_table_id": 1, "expansion_area": "EA-2C", "zone": "EAR1-SRA", "category": "SEWER_TRANS", "rate": "0.00"}}, {"model": "notes.rate", "pk": 150, "fields": {"is_active": true, "date_created": "2017-07-19", "date_modified": "2017-07-19", "created_by": 1, "modified_by": 1, "rate_table_id": 1, "expansion_area": "EA-3", "zone": "EAR1-SRA", "category": "SEWER_TRANS", "rate": "0.00"}}, {"model": "notes.rate", "pk": 151, "fields": {"is_active": true, "date_created": "2017-07-19", "date_modified": "2017-07-19", "created_by": 1, "modified_by": 1, "rate_table_id": 1, "expansion_area": "EA-1", "zone": "EAR-2", "category": "SEWER_TRANS", "rate": "0.00"}}, {"model": "notes.rate", "pk": 152, "fields": {"is_active": true, "date_created": "2017-07-19", "date_modified": "2017-07-19", "created_by": 1, "modified_by": 1, "rate_table_id": 1, "expansion_area": "EA-2A", "zone": "EAR-2", "category": "SEWER_TRANS", "rate": "4250.33"}}, {"model": "notes.rate", "pk": 153, "fields": {"is_active": true, "date_created": "2017-07-19", "date_modified": "2017-07-19", "created_by": 1, "modified_by": 1, "rate_table_id": 1, "expansion_area": "EA-2B", "zone": "EAR-2", "category": "SEWER_TRANS", "rate": "4896.05"}}, {"model": "notes.rate", "pk": 154, "fields": {"is_active": true, "date_created": "2017-07-19", "date_modified": "2017-07-19", "created_by": 1, "modified_by": 1, "rate_table_id": 1, "expansion_area": "EA-2C", "zone": "EAR-2", "category": "SEWER_TRANS", "rate": "8849.73"}}, {"model": "notes.rate", "pk": 155, "fields": {"is_active": true, "date_created": "2017-07-19", "date_modified": "2017-07-19", "created_by": 1, "modified_by": 1, "rate_table_id": 1, "expansion_area": "EA-3", "zone": "EAR-2", "category": "SEWER_TRANS", "rate": "3903.87"}}, {"model": "notes.rate", "pk": 156, "fields": {"is_active": true, "date_created": "2017-07-19", "date_modified": "2017-07-19", "created_by": 1, "modified_by": 1, "rate_table_id": 1, "expansion_area": "EA-1", "zone": "EAR-3", "category": "SEWER_TRANS", "rate": "0.00"}}, {"model": "notes.rate", "pk": 157, "fields": {"is_active": true, "date_created": "2017-07-19", "date_modified": "2017-07-19", "created_by": 1, "modified_by": 1, "rate_table_id": 1, "expansion_area": "EA-2A", "zone": "EAR-3", "category": "SEWER_TRANS", "rate": "9127.56"}}, {"model": "notes.rate", "pk": 158, "fields": {"is_active": true, "date_created": "2017-07-19", "date_modified": "2017-07-19", "created_by": 1, "modified_by": 1, "rate_table_id": 1, "expansion_area": "EA-2B", "zone": "EAR-3", "category": "SEWER_TRANS", "rate": "0.00"}}, {"model": "notes.rate", "pk": 159, "fields": {"is_active": true, "date_created": "2017-07-19", "date_modified": "2017-07-19", "created_by": 1, "modified_by": 1, "rate_table_id": 1, "expansion_area": "EA-2C", "zone": "EAR-3", "category": "SEWER_TRANS", "rate": "0.00"}}, {"model": "notes.rate", "pk": 160, "fields": {"is_active": true, "date_created": "2017-07-19", "date_modified": "2017-07-19", "created_by": 1, "modified_by": 1, "rate_table_id": 1, "expansion_area": "EA-3", "zone": "EAR-3", "category": "SEWER_TRANS", "rate": "0.00"}}, {"model": "notes.rate", "pk": 161, "fields": {"is_active": true, "date_created": "2017-07-19", "date_modified": "2017-07-19", "created_by": 1, "modified_by": 1, "rate_table_id": 1, "expansion_area": "EA-1", "zone": "CC(RES)", "category": "SEWER_TRANS", "rate": "0.00"}}, {"model": "notes.rate", "pk": 162, "fields": {"is_active": true, "date_created": "2017-07-19", "date_modified": "2017-07-19", "created_by": 1, "modified_by": 1, "rate_table_id": 1, "expansion_area": "EA-2A", "zone": "CC(RES)", "category": "SEWER_TRANS", "rate": "9127.56"}}, {"model": "notes.rate", "pk": 163, "fields": {"is_active": true, "date_created": "2017-07-19", "date_modified": "2017-07-19", "created_by": 1, "modified_by": 1, "rate_table_id": 1, "expansion_area": "EA-2B", "zone": "CC(RES)", "category": "SEWER_TRANS", "rate": "10514.24"}}, {"model": "notes.rate", "pk": 164, "fields": {"is_active": true, "date_created": "2017-07-19", "date_modified": "2017-07-19", "created_by": 1, "modified_by": 1, "rate_table_id": 1, "expansion_area": "EA-2C", "zone": "CC(RES)", "category": "SEWER_TRANS", "rate": "19004.73"}}, {"model": "notes.rate", "pk": 165, "fields": {"is_active": true, "date_created": "2017-07-19", "date_modified": "2017-07-19", "created_by": 1, "modified_by": 1, "rate_table_id": 1, "expansion_area": "EA-3", "zone": "CC(RES)", "category": "SEWER_TRANS", "rate": "8383.52"}}, {"model": "notes.rate", "pk": 166, "fields": {"is_active": true, "date_created": "2017-07-19", "date_modified": "2017-07-19", "created_by": 1, "modified_by": 1, "rate_table_id": 1, "expansion_area": "EA-1", "zone": "CC(NONR)", "category": "SEWER_TRANS", "rate": "0.00"}}, {"model": "notes.rate", "pk": 167, "fields": {"is_active": true, "date_created": "2017-07-19", "date_modified": "2017-07-19", "created_by": 1, "modified_by": 1, "rate_table_id": 1, "expansion_area": "EA-2A", "zone": "CC(NONR)", "category": "SEWER_TRANS", "rate": "11596.57"}}, {"model": "notes.rate", "pk": 168, "fields": {"is_active": true, "date_created": "2017-07-19", "date_modified": "2017-07-19", "created_by": 1, "modified_by": 1, "rate_table_id": 1, "expansion_area": "EA-2B", "zone": "CC(NONR)", "category": "SEWER_TRANS", "rate": "13358.34"}}, {"model": "notes.rate", "pk": 169, "fields": {"is_active": true, "date_created": "2017-07-19", "date_modified": "2017-07-19", "created_by": 1, "modified_by": 1, "rate_table_id": 1, "expansion_area": "EA-2C", "zone": "CC(NONR)", "category": "SEWER_TRANS", "rate": "24145.51"}}, {"model": "notes.rate", "pk": 170, "fields": {"is_active": true, "date_created": "2017-07-19", "date_modified": "2017-07-19", "created_by": 1, "modified_by": 1, "rate_table_id": 1, "expansion_area": "EA-3", "zone": "CC(NONR)", "category": "SEWER_TRANS", "rate": "10651.26"}}, {"model": "notes.rate", "pk": 171, "fields": {"is_active": true, "date_created": "2017-07-19", "date_modified": "2017-07-19", "created_by": 1, "modified_by": 1, "rate_table_id": 1, "expansion_area": "EA-1", "zone": "ED", "category": "SEWER_TRANS", "rate": "0.00"}}, {"model": "notes.rate", "pk": 172, "fields": {"is_active": true, "date_created": "2017-07-19", "date_modified": "2017-07-19", "created_by": 1, "modified_by": 1, "rate_table_id": 1, "expansion_area": "EA-2A", "zone": "ED", "category": "SEWER_TRANS", "rate": "13762.96"}}, {"model": "notes.rate", "pk": 173, "fields": {"is_active": true, "date_created": "2017-07-19", "date_modified": "2017-07-19", "created_by": 1, "modified_by": 1, "rate_table_id": 1, "expansion_area": "EA-2B", "zone": "ED", "category": "SEWER_TRANS", "rate": "0.00"}}, {"model": "notes.rate", "pk": 174, "fields": {"is_active": true, "date_created": "2017-07-19", "date_modified": "2017-07-19", "created_by": 1, "modified_by": 1, "rate_table_id": 1, "expansion_area": "EA-2C", "zone": "ED", "category": "SEWER_TRANS", "rate": "0.00"}}, {"model": "notes.rate", "pk": 175, "fields": {"is_active": true, "date_created": "2017-07-19", "date_modified": "2017-07-19", "created_by": 1, "modified_by": 1, "rate_table_id": 1, "expansion_area": "EA-3", "zone": "ED", "category": "SEWER_TRANS", "rate": "12641.06"}}, {"model": "notes.rate", "pk": 176, "fields": {"is_active": true, "date_created": "2017-07-19", "date_modified": "2017-07-19", "created_by": 1, "modified_by": 1, "rate_table_id": 1, "expansion_area": "EA-1", "zone": "EAR-1", "category": "SEWER_CAP", "rate": "2081.59"}}, {"model": "notes.rate", "pk": 177, "fields": {"is_active": true, "date_created": "2017-07-19", "date_modified": "2017-07-19", "created_by": 1, "modified_by": 1, "rate_table_id": 1, "expansion_area": "EA-2A", "zone": "EAR-1", "category": "SEWER_CAP", "rate": "2081.59"}}, {"model": "notes.rate", "pk": 178, "fields": {"is_active": true, "date_created": "2017-07-19", "date_modified": "2017-07-19", "created_by": 1, "modified_by": 1, "rate_table_id": 1, "expansion_area": "EA-2B", "zone": "EAR-1", "category": "SEWER_CAP", "rate": "2081.59"}}, {"model": "notes.rate", "pk": 179, "fields": {"is_active": true, "date_created": "2017-07-19", "date_modified": "2017-07-19", "created_by": 1, "modified_by": 1, "rate_table_id": 1, "expansion_area": "EA-2C", "zone": "EAR-1", "category": "SEWER_CAP", "rate": "2081.59"}}, {"model": "notes.rate", "pk": 180, "fields": {"is_active": true, "date_created": "2017-07-19", "date_modified": "2017-07-19", "created_by": 1, "modified_by": 1, "rate_table_id": 1, "expansion_area": "EA-3", "zone": "EAR-1", "category": "SEWER_CAP", "rate": "2081.59"}}, {"model": "notes.rate", "pk": 181, "fields": {"is_active": true, "date_created": "2017-07-19", "date_modified": "2017-07-19", "created_by": 1, "modified_by": 1, "rate_table_id": 1, "expansion_area": "EA-1", "zone": "EAR1-SRA", "category": "SEWER_CAP", "rate": "0.00"}}, {"model": "notes.rate", "pk": 182, "fields": {"is_active": true, "date_created": "2017-07-19", "date_modified": "2017-07-19", "created_by": 1, "modified_by": 1, "rate_table_id": 1, "expansion_area": "EA-2A", "zone": "EAR1-SRA", "category": "SEWER_CAP", "rate": "624.48"}}, {"model": "notes.rate", "pk": 183, "fields": {"is_active": true, "date_created": "2017-07-19", "date_modified": "2017-07-19", "created_by": 1, "modified_by": 1, "rate_table_id": 1, "expansion_area": "EA-2B", "zone": "EAR1-SRA", "category": "SEWER_CAP", "rate": "624.48"}}, {"model": "notes.rate", "pk": 184, "fields": {"is_active": true, "date_created": "2017-07-19", "date_modified": "2017-07-19", "created_by": 1, "modified_by": 1, "rate_table_id": 1, "expansion_area": "EA-2C", "zone": "EAR1-SRA", "category": "SEWER_CAP", "rate": "0.00"}}, {"model": "notes.rate", "pk": 185, "fields": {"is_active": true, "date_created": "2017-07-19", "date_modified": "2017-07-19", "created_by": 1, "modified_by": 1, "rate_table_id": 1, "expansion_area": "EA-3", "zone": "EAR1-SRA", "category": "SEWER_CAP", "rate": "0.00"}}, {"model": "notes.rate", "pk": 186, "fields": {"is_active": true, "date_created": "2017-07-19", "date_modified": "2017-07-19", "created_by": 1, "modified_by": 1, "rate_table_id": 1, "expansion_area": "EA-1", "zone": "EAR-2", "category": "SEWER_CAP", "rate": "0.00"}}, {"model": "notes.rate", "pk": 187, "fields": {"is_active": true, "date_created": "2017-07-19", "date_modified": "2017-07-19", "created_by": 1, "modified_by": 1, "rate_table_id": 1, "expansion_area": "EA-2A", "zone": "EAR-2", "category": "SEWER_CAP", "rate": "4167.28"}}, {"model": "notes.rate", "pk": 188, "fields": {"is_active": true, "date_created": "2017-07-19", "date_modified": "2017-07-19", "created_by": 1, "modified_by": 1, "rate_table_id": 1, "expansion_area": "EA-2B", "zone": "EAR-2", "category": "SEWER_CAP", "rate": "4167.28"}}, {"model": "notes.rate", "pk": 189, "fields": {"is_active": true, "date_created": "2017-07-19", "date_modified": "2017-07-19", "created_by": 1, "modified_by": 1, "rate_table_id": 1, "expansion_area": "EA-2C", "zone": "EAR-2", "category": "SEWER_CAP", "rate": "4167.28"}}, {"model": "notes.rate", "pk": 190, "fields": {"is_active": true, "date_created": "2017-07-19", "date_modified": "2017-07-19", "created_by": 1, "modified_by": 1, "rate_table_id": 1, "expansion_area": "EA-3", "zone": "EAR-2", "category": "SEWER_CAP", "rate": "4167.28"}}, {"model": "notes.rate", "pk": 191, "fields": {"is_active": true, "date_created": "2017-07-19", "date_modified": "2017-07-19", "created_by": 1, "modified_by": 1, "rate_table_id": 1, "expansion_area": "EA-1", "zone": "EAR-3", "category": "SEWER_CAP", "rate": "0.00"}}, {"model": "notes.rate", "pk": 192, "fields": {"is_active": true, "date_created": "2017-07-19", "date_modified": "2017-07-19", "created_by": 1, "modified_by": 1, "rate_table_id": 1, "expansion_area": "EA-2A", "zone": "EAR-3", "category": "SEWER_CAP", "rate": "8949.21"}}, {"model": "notes.rate", "pk": 193, "fields": {"is_active": true, "date_created": "2017-07-19", "date_modified": "2017-07-19", "created_by": 1, "modified_by": 1, "rate_table_id": 1, "expansion_area": "EA-2B", "zone": "EAR-3", "category": "SEWER_CAP", "rate": "0.00"}}, {"model": "notes.rate", "pk": 194, "fields": {"is_active": true, "date_created": "2017-07-19", "date_modified": "2017-07-19", "created_by": 1, "modified_by": 1, "rate_table_id": 1, "expansion_area": "EA-2C", "zone": "EAR-3", "category": "SEWER_CAP", "rate": "0.00"}}, {"model": "notes.rate", "pk": 195, "fields": {"is_active": true, "date_created": "2017-07-19", "date_modified": "2017-07-19", "created_by": 1, "modified_by": 1, "rate_table_id": 1, "expansion_area": "EA-3", "zone": "EAR-3", "category": "SEWER_CAP", "rate": "0.00"}}, {"model": "notes.rate", "pk": 196, "fields": {"is_active": true, "date_created": "2017-07-19", "date_modified": "2017-07-19", "created_by": 1, "modified_by": 1, "rate_table_id": 1, "expansion_area": "EA-1", "zone": "CC(RES)", "category": "SEWER_CAP", "rate": "0.00"}}, {"model": "notes.rate", "pk": 197, "fields": {"is_active": true, "date_created": "2017-07-19", "date_modified": "2017-07-19", "created_by": 1, "modified_by": 1, "rate_table_id": 1, "expansion_area": "EA-2A", "zone": "CC(RES)", "category": "SEWER_CAP", "rate": "8949.21"}}, {"model": "notes.rate", "pk": 198, "fields": {"is_active": true, "date_created": "2017-07-19", "date_modified": "2017-07-19", "created_by": 1, "modified_by": 1, "rate_table_id": 1, "expansion_area": "EA-2B", "zone": "CC(RES)", "category": "SEWER_CAP", "rate": "8949.21"}}, {"model": "notes.rate", "pk": 199, "fields": {"is_active": true, "date_created": "2017-07-19", "date_modified": "2017-07-19", "created_by": 1, "modified_by": 1, "rate_table_id": 1, "expansion_area": "EA-2C", "zone": "CC(RES)", "category": "SEWER_CAP", "rate": "8949.21"}}, {"model": "notes.rate", "pk": 200, "fields": {"is_active": true, "date_created": "2017-07-19", "date_modified": "2017-07-19", "created_by": 1, "modified_by": 1, "rate_table_id": 1, "expansion_area": "EA-3", "zone": "CC(RES)", "category": "SEWER_CAP", "rate": "8949.21"}}, {"model": "notes.rate", "pk": 201, "fields": {"is_active": true, "date_created": "2017-07-19", "date_modified": "2017-07-19", "created_by": 1, "modified_by": 1, "rate_table_id": 1, "expansion_area": "EA-1", "zone": "CC(NONR)", "category": "SEWER_CAP", "rate": "0.00"}}, {"model": "notes.rate", "pk": 202, "fields": {"is_active": true, "date_created": "2017-07-19", "date_modified": "2017-07-19", "created_by": 1, "modified_by": 1, "rate_table_id": 1, "expansion_area": "EA-2A", "zone": "CC(NONR)", "category": "SEWER_CAP", "rate": "11369.97"}}, {"model": "notes.rate", "pk": 203, "fields": {"is_active": true, "date_created": "2017-07-19", "date_modified": "2017-07-19", "created_by": 1, "modified_by": 1, "rate_table_id": 1, "expansion_area": "EA-2B", "zone": "CC(NONR)", "category": "SEWER_CAP", "rate": "11369.97"}}, {"model": "notes.rate", "pk": 204, "fields": {"is_active": true, "date_created": "2017-07-19", "date_modified": "2017-07-19", "created_by": 1, "modified_by": 1, "rate_table_id": 1, "expansion_area": "EA-2C", "zone": "CC(NONR)", "category": "SEWER_CAP", "rate": "11369.97"}}, {"model": "notes.rate", "pk": 205, "fields": {"is_active": true, "date_created": "2017-07-19", "date_modified": "2017-07-19", "created_by": 1, "modified_by": 1, "rate_table_id": 1, "expansion_area": "EA-3", "zone": "CC(NONR)", "category": "SEWER_CAP", "rate": "11369.97"}}, {"model": "notes.rate", "pk": 206, "fields": {"is_active": true, "date_created": "2017-07-19", "date_modified": "2017-07-19", "created_by": 1, "modified_by": 1, "rate_table_id": 1, "expansion_area": "EA-1", "zone": "ED", "category": "SEWER_CAP", "rate": "0.00"}}, {"model": "notes.rate", "pk": 207, "fields": {"is_active": true, "date_created": "2017-07-19", "date_modified": "2017-07-19", "created_by": 1, "modified_by": 1, "rate_table_id": 1, "expansion_area": "EA-2A", "zone": "ED", "category": "SEWER_CAP", "rate": "13494.03"}}, {"model": "notes.rate", "pk": 208, "fields": {"is_active": true, "date_created": "2017-07-19", "date_modified": "2017-07-19", "created_by": 1, "modified_by": 1, "rate_table_id": 1, "expansion_area": "EA-2B", "zone": "ED", "category": "SEWER_CAP", "rate": "0.00"}}, {"model": "notes.rate", "pk": 209, "fields": {"is_active": true, "date_created": "2017-07-19", "date_modified": "2017-07-19", "created_by": 1, "modified_by": 1, "rate_table_id": 1, "expansion_area": "EA-2C", "zone": "ED", "category": "SEWER_CAP", "rate": "0.00"}}, {"model": "notes.rate", "pk": 210, "fields": {"is_active": true, "date_created": "2017-07-19", "date_modified": "2017-07-19", "created_by": 1, "modified_by": 1, "rate_table_id": 1, "expansion_area": "EA-3", "zone": "ED", "category": "SEWER_CAP", "rate": "13494.03"}}, {"model": "plats.historicalsubdivision", "pk": 1, "fields": {"id": 1, "is_approved": false, "is_active": true, "date_created": "2017-07-20", "date_modified": "2017-07-20", "name": "Rapid Plains", "gross_acreage": "74.000", "created_by": 1, "modified_by": 1, "history_date": "2017-07-20T15:09:42.766Z", "history_change_reason": null, "history_user": 1, "history_type": "+"}}, {"model": "plats.historicalsubdivision", "pk": 2, "fields": {"id": 2, "is_approved": false, "is_active": true, "date_created": "2017-07-20", "date_modified": "2017-07-20", "name": "Ripples", "gross_acreage": "23.000", "created_by": 1, "modified_by": 1, "history_date": "2017-07-20T15:13:21.992Z", "history_change_reason": null, "history_user": 1, "history_type": "+"}}, {"model": "plats.historicalsubdivision", "pk": 3, "fields": {"id": 3, "is_approved": false, "is_active": true, "date_created": "2017-07-20", "date_modified": "2017-07-20", "name": "Treading Streams", "gross_acreage": "28.000", "created_by": 1, "modified_by": 1, "history_date": "2017-07-20T17:19:00.744Z", "history_change_reason": null, "history_user": 1, "history_type": "+"}}, {"model": "plats.subdivision", "pk": 1, "fields": {"is_approved": false, "is_active": true, "date_created": "2017-07-20", "date_modified": "2017-07-20", "created_by": 1, "modified_by": 1, "name": "Rapid Plains", "gross_acreage": "74.000"}}, {"model": "plats.subdivision", "pk": 2, "fields": {"is_approved": false, "is_active": true, "date_created": "2017-07-20", "date_modified": "2017-07-20", "created_by": 1, "modified_by": 1, "name": "Ripples", "gross_acreage": "23.000"}}, {"model": "plats.subdivision", "pk": 3, "fields": {"is_approved": false, "is_active": true, "date_created": "2017-07-20", "date_modified": "2017-07-20", "created_by": 1, "modified_by": 1, "name": "Treading Streams", "gross_acreage": "28.000"}}, {"model": "plats.historicalplat", "pk": 1, "fields": {"id": 1, "is_approved": false, "is_active": true, "date_recorded": "2017-07-13", "date_created": "2017-07-20", "date_modified": "2017-07-20", "name": "Rolling Rivers", "total_acreage": "24.00", "latitude": null, "longitude": null, "plat_type": "DEVELOPMENT_PLAN", "expansion_area": "EA-2A", "unit": null, "section": "478498", "block": "571923", "buildable_lots": 42, "non_buildable_lots": 1, "cabinet": "879432798", "slide": "8949834", "calculation_note": "None", "sewer_due": "0.00", "non_sewer_due": "0.00", "subdivision": 2, "created_by": 1, "modified_by": 1, "history_date": "2017-07-20T17:47:29.344Z", "history_change_reason": null, "history_user": 1, "history_type": "+"}}, {"model": "plats.historicalplat", "pk": 2, "fields": {"id": 1, "is_approved": false, "is_active": true, "date_recorded": "2017-07-13", "date_created": "2017-07-20", "date_modified": "2017-07-20", "name": "Rolling Rivers", "total_acreage": "24.00", "latitude": null, "longitude": null, "plat_type": "DEVELOPMENT_PLAN", "expansion_area": "EA-2A", "unit": null, "section": "478498", "block": "571923", "buildable_lots": 42, "non_buildable_lots": 1, "cabinet": "879432798", "slide": "89-49834", "calculation_note": "None", "sewer_due": "0.00", "non_sewer_due": "0.00", "subdivision": 2, "created_by": 1, "modified_by": 1, "history_date": "2017-07-20T17:50:39.194Z", "history_change_reason": null, "history_user": 1, "history_type": "~"}}, {"model": "plats.historicalplat", "pk": 3, "fields": {"id": 2, "is_approved": false, "is_active": true, "date_recorded": "2017-07-06", "date_created": "2017-07-20", "date_modified": "2017-07-20", "name": "Running Trails", "total_acreage": "42.00", "latitude": null, "longitude": null, "plat_type": "DEVELOPMENT_PLAN", "expansion_area": "EA-2B", "unit": "", "section": "47829", "block": "9847", "buildable_lots": 82, "non_buildable_lots": 1, "cabinet": "986", "slide": "7684", "calculation_note": "None", "sewer_due": "0.00", "non_sewer_due": "0.00", "subdivision": 1, "created_by": 1, "modified_by": 1, "history_date": "2017-07-20T17:51:33.413Z", "history_change_reason": null, "history_user": 1, "history_type": "+"}}, {"model": "plats.historicalplat", "pk": 4, "fields": {"id": 3, "is_approved": false, "is_active": true, "date_recorded": "2017-07-01", "date_created": "2017-07-20", "date_modified": "2017-07-20", "name": "Rapid Run", "total_acreage": "12.00", "latitude": null, "longitude": null, "plat_type": "PLAT", "expansion_area": "EA-1", "unit": null, "section": "68921", "block": "67891", "buildable_lots": 21, "non_buildable_lots": 0, "cabinet": "48712", "slide": "23923", "calculation_note": "None", "sewer_due": "0.00", "non_sewer_due": "0.00", "subdivision": 3, "created_by": 1, "modified_by": 1, "history_date": "2017-07-20T17:53:23.625Z", "history_change_reason": null, "history_user": 1, "history_type": "+"}}, {"model": "plats.historicalplat", "pk": 5, "fields": {"id": 4, "is_approved": false, "is_active": true, "date_recorded": "2017-07-01", "date_created": "2017-07-20", "date_modified": "2017-07-20", "name": "Class One", "total_acreage": "23.00", "latitude": null, "longitude": null, "plat_type": "DEVELOPMENT_PLAN", "expansion_area": "EA-2C", "unit": null, "section": "48292", "block": "98428", "buildable_lots": 42, "non_buildable_lots": 0, "cabinet": "67878", "slide": "8923479", "calculation_note": "None", "sewer_due": "0.00", "non_sewer_due": "0.00", "subdivision": 2, "created_by": 1, "modified_by": 1, "history_date": "2017-07-20T19:12:23.240Z", "history_change_reason": null, "history_user": 1, "history_type": "+"}}, {"model": "plats.historicalplat", "pk": 6, "fields": {"id": 1, "is_approved": false, "is_active": true, "date_recorded": "2017-07-13", "date_created": "2017-07-20", "date_modified": "2017-07-20", "name": "Rolling Rivers", "total_acreage": "24.00", "latitude": null, "longitude": null, "plat_type": "DEVELOPMENT_PLAN", "expansion_area": "EA-2A", "unit": null, "section": "478497", "block": "571923", "buildable_lots": 42, "non_buildable_lots": 1, "cabinet": "879432798", "slide": "89-49834", "calculation_note": "None", "sewer_due": "0.00", "non_sewer_due": "0.00", "subdivision": 2, "created_by": 1, "modified_by": 1, "history_date": "2017-07-20T20:45:26.208Z", "history_change_reason": null, "history_user": 1, "history_type": "~"}}, {"model": "plats.historicalplat", "pk": 7, "fields": {"id": 5, "is_approved": false, "is_active": true, "date_recorded": "2014-09-01", "date_created": "2017-07-21", "date_modified": "2017-07-21", "name": "Float Bay", "total_acreage": "9.00", "latitude": null, "longitude": null, "plat_type": "PLAT", "expansion_area": "EA-2C", "unit": null, "section": "74892", "block": "91748", "buildable_lots": 17, "non_buildable_lots": 2, "cabinet": "29472", "slide": "98-1274", "calculation_note": "None", "sewer_due": "0.00", "non_sewer_due": "0.00", "subdivision": 3, "created_by": 1, "modified_by": 1, "history_date": "2017-07-21T12:21:45.944Z", "history_change_reason": null, "history_user": 1, "history_type": "+"}}, {"model": "plats.historicalplat", "pk": 8, "fields": {"id": 2, "is_approved": false, "is_active": true, "date_recorded": "2017-07-06", "date_created": "2017-07-20", "date_modified": "2017-07-21", "name": "Running Trails", "total_acreage": "42.00", "latitude": null, "longitude": null, "plat_type": "DEVELOPMENT_PLAN", "expansion_area": "EA-2B", "unit": "", "section": "47829", "block": "9847", "buildable_lots": 82, "non_buildable_lots": 1, "cabinet": "986", "slide": "7684", "calculation_note": "None", "sewer_due": "104125.83", "non_sewer_due": "368832.60", "subdivision": 1, "created_by": 1, "modified_by": 1, "history_date": "2017-07-21T12:43:51.795Z", "history_change_reason": null, "history_user": 1, "history_type": "~"}}, {"model": "plats.historicalplat", "pk": 9, "fields": {"id": 2, "is_approved": false, "is_active": true, "date_recorded": "2017-07-06", "date_created": "2017-07-20", "date_modified": "2017-07-21", "name": "Running Trails", "total_acreage": "42.00", "latitude": null, "longitude": null, "plat_type": "DEVELOPMENT_PLAN", "expansion_area": "EA-2B", "unit": "", "section": "47829", "block": "9847", "buildable_lots": 82, "non_buildable_lots": 1, "cabinet": "986", "slide": "7684", "calculation_note": "None", "sewer_due": "104125.83", "non_sewer_due": "368832.60", "subdivision": 1, "created_by": 1, "modified_by": 1, "history_date": "2017-07-21T12:44:16.930Z", "history_change_reason": null, "history_user": 1, "history_type": "~"}}, {"model": "plats.historicalplat", "pk": 10, "fields": {"id": 1, "is_approved": false, "is_active": true, "date_recorded": "2017-07-13", "date_created": "2017-07-20", "date_modified": "2017-07-21", "name": "Rolling Rivers", "total_acreage": "24.00", "latitude": null, "longitude": null, "plat_type": "DEVELOPMENT_PLAN", "expansion_area": "EA-2A", "unit": null, "section": "478497", "block": "571923", "buildable_lots": 42, "non_buildable_lots": 1, "cabinet": "879432798", "slide": "89-49834", "calculation_note": "None", "sewer_due": "15136.80", "non_sewer_due": "56247.36", "subdivision": 2, "created_by": 1, "modified_by": 1, "history_date": "2017-07-21T12:45:12.042Z", "history_change_reason": null, "history_user": 1, "history_type": "~"}}, {"model": "plats.historicalplat", "pk": 11, "fields": {"id": 1, "is_approved": false, "is_active": true, "date_recorded": "2017-07-13", "date_created": "2017-07-20", "date_modified": "2017-07-21", "name": "Rolling Rivers", "total_acreage": "24.00", "latitude": null, "longitude": null, "plat_type": "DEVELOPMENT_PLAN", "expansion_area": "EA-2A", "unit": null, "section": "478497", "block": "571923", "buildable_lots": 42, "non_buildable_lots": 1, "cabinet": "879432798", "slide": "89-49834", "calculation_note": "None", "sewer_due": "116148.12", "non_sewer_due": "397998.00", "subdivision": 2, "created_by": 1, "modified_by": 1, "history_date": "2017-07-21T12:45:28.718Z", "history_change_reason": null, "history_user": 1, "history_type": "~"}}, {"model": "plats.historicalplat", "pk": 12, "fields": {"id": 1, "is_approved": false, "is_active": true, "date_recorded": "2017-07-13", "date_created": "2017-07-20", "date_modified": "2017-07-21", "name": "Rolling Rivers", "total_acreage": "24.00", "latitude": null, "longitude": null, "plat_type": "DEVELOPMENT_PLAN", "expansion_area": "EA-2A", "unit": null, "section": "478497", "block": "571923", "buildable_lots": 42, "non_buildable_lots": 1, "cabinet": "879432798", "slide": "89-49834", "calculation_note": "None", "sewer_due": "116148.12", "non_sewer_due": "397998.00", "subdivision": 2, "created_by": 1, "modified_by": 1, "history_date": "2017-07-21T12:45:42.864Z", "history_change_reason": null, "history_user": 1, "history_type": "~"}}, {"model": "plats.historicalplat", "pk": 13, "fields": {"id": 1, "is_approved": false, "is_active": true, "date_recorded": "2017-07-13", "date_created": "2017-07-20", "date_modified": "2017-07-21", "name": "Rolling Rivers", "total_acreage": "24.00", "latitude": null, "longitude": null, "plat_type": "DEVELOPMENT_PLAN", "expansion_area": "EA-2A", "unit": null, "section": "478497", "block": "571923", "buildable_lots": 42, "non_buildable_lots": 1, "cabinet": "879432798", "slide": "89-49834", "calculation_note": "None", "sewer_due": "116148.12", "non_sewer_due": "397998.00", "subdivision": 2, "created_by": 1, "modified_by": 1, "history_date": "2017-07-21T12:45:43.080Z", "history_change_reason": null, "history_user": 1, "history_type": "~"}}, {"model": "plats.historicalplat", "pk": 14, "fields": {"id": 6, "is_approved": false, "is_active": true, "date_recorded": "1999-08-03", "date_created": "2017-07-24", "date_modified": "2017-07-24", "name": "Paddle", "total_acreage": "12.00", "latitude": null, "longitude": null, "plat_type": "PLAT", "expansion_area": "EA-2B", "unit": null, "section": "82349", "block": "894327", "buildable_lots": 24, "non_buildable_lots": 1, "cabinet": "43729", "slide": "7523", "calculation_note": "None", "sewer_due": "0.00", "non_sewer_due": "0.00", "subdivision": 3, "created_by": 1, "modified_by": 1, "history_date": "2017-07-24T17:49:35.513Z", "history_change_reason": null, "history_user": 1, "history_type": "+"}}, {"model": "plats.historicalplat", "pk": 15, "fields": {"id": 7, "is_approved": false, "is_active": true, "date_recorded": "2008-04-05", "date_created": "2017-07-24", "date_modified": "2017-07-24", "name": "Rapid Run", "total_acreage": "16.00", "latitude": null, "longitude": null, "plat_type": "PLAT", "expansion_area": "EA-2B", "unit": null, "section": "4732", "block": "47329", "buildable_lots": 19, "non_buildable_lots": 0, "cabinet": "47893", "slide": "8342", "calculation_note": "None", "sewer_due": "0.00", "non_sewer_due": "0.00", "subdivision": 1, "created_by": 1, "modified_by": 1, "history_date": "2017-07-24T18:02:26.914Z", "history_change_reason": null, "history_user": 1, "history_type": "+"}}, {"model": "plats.historicalplat", "pk": 16, "fields": {"id": 8, "is_approved": false, "is_active": true, "date_recorded": "2009-05-02", "date_created": "2017-07-24", "date_modified": "2017-07-24", "name": "Hopping Hill", "total_acreage": "32.00", "latitude": null, "longitude": null, "plat_type": "PLAT", "expansion_area": "EA-1", "unit": null, "section": "437829", "block": "9287", "buildable_lots": 42, "non_buildable_lots": 12, "cabinet": "789", "slide": "8792", "calculation_note": "None", "sewer_due": "0.00", "non_sewer_due": "0.00", "subdivision": 1, "created_by": 1, "modified_by": 1, "history_date": "2017-07-24T18:04:37.530Z", "history_change_reason": null, "history_user": 1, "history_type": "+"}}, {"model": "plats.historicalplat", "pk": 17, "fields": {"id": 9, "is_approved": false, "is_active": true, "date_recorded": "2017-07-06", "date_created": "2017-07-24", "date_modified": "2017-07-24", "name": "Jump in", "total_acreage": "23.00", "latitude": null, "longitude": null, "plat_type": "DEVELOPMENT_PLAN", "expansion_area": "EA-2A", "unit": null, "section": "65436", "block": "65436", "buildable_lots": 23, "non_buildable_lots": 1, "cabinet": "4563", "slide": "34645", "calculation_note": "None", "sewer_due": "0.00", "non_sewer_due": "0.00", "subdivision": 1, "created_by": 1, "modified_by": 1, "history_date": "2017-07-24T18:09:10.360Z", "history_change_reason": null, "history_user": 1, "history_type": "+"}}, {"model": "plats.historicalplat", "pk": 18, "fields": {"id": 10, "is_approved": false, "is_active": true, "date_recorded": "2017-07-06", "date_created": "2017-07-24", "date_modified": "2017-07-24", "name": "Class One", "total_acreage": "25.00", "latitude": null, "longitude": null, "plat_type": "PLAT", "expansion_area": "EA-2C", "unit": null, "section": "7843", "block": "473892", "buildable_lots": 55, "non_buildable_lots": 0, "cabinet": "982374", "slide": "23874", "calculation_note": "None", "sewer_due": "0.00", "non_sewer_due": "0.00", "subdivision": 2, "created_by": 1, "modified_by": 1, "history_date": "2017-07-24T18:52:28.199Z", "history_change_reason": null, "history_user": 1, "history_type": "+"}}, {"model": "plats.historicalplat", "pk": 19, "fields": {"id": 10, "is_approved": false, "is_active": true, "date_recorded": "2017-07-06", "date_created": "2017-07-24", "date_modified": "2017-07-24", "name": "Class One", "total_acreage": "25.00", "latitude": null, "longitude": null, "plat_type": "PLAT", "expansion_area": "EA-2C", "unit": null, "section": "7843", "block": "473892", "buildable_lots": 55, "non_buildable_lots": 0, "cabinet": "982374", "slide": "23874", "calculation_note": "None", "sewer_due": "169221.13", "non_sewer_due": "254860.45", "subdivision": 2, "created_by": 1, "modified_by": 1, "history_date": "2017-07-24T18:53:32.312Z", "history_change_reason": null, "history_user": 1, "history_type": "~"}}, {"model": "plats.historicalplat", "pk": 20, "fields": {"id": 11, "is_approved": false, "is_active": true, "date_recorded": "2017-07-03", "date_created": "2017-07-24", "date_modified": "2017-07-24", "name": "High Tides", "total_acreage": "12.00", "latitude": null, "longitude": null, "plat_type": "DEVELOPMENT_PLAN", "expansion_area": "EA-2C", "unit": null, "section": "54235", "block": "54325", "buildable_lots": 12, "non_buildable_lots": 1, "cabinet": "23452", "slide": "34523", "calculation_note": "None", "sewer_due": "0.00", "non_sewer_due": "0.00", "subdivision": 2, "created_by": 1, "modified_by": 1, "history_date": "2017-07-24T19:01:00.909Z", "history_change_reason": null, "history_user": 1, "history_type": "+"}}, {"model": "plats.historicalplat", "pk": 21, "fields": {"id": 11, "is_approved": false, "is_active": true, "date_recorded": "2017-07-03", "date_created": "2017-07-24", "date_modified": "2017-07-24", "name": "High Tides", "total_acreage": "12.00", "latitude": null, "longitude": null, "plat_type": "DEVELOPMENT_PLAN", "expansion_area": "EA-2C", "unit": null, "section": "54235", "block": "54325", "buildable_lots": 12, "non_buildable_lots": 1, "cabinet": "23452", "slide": "34523", "calculation_note": "None", "sewer_due": "39051.03", "non_sewer_due": "58813.95", "subdivision": 2, "created_by": 1, "modified_by": 1, "history_date": "2017-07-24T19:01:17.206Z", "history_change_reason": null, "history_user": 1, "history_type": "~"}}, {"model": "plats.historicalplat", "pk": 22, "fields": {"id": 11, "is_approved": false, "is_active": true, "date_recorded": "2017-07-03", "date_created": "2017-07-24", "date_modified": "2017-07-24", "name": "High Tides", "total_acreage": "12.00", "latitude": null, "longitude": null, "plat_type": "DEVELOPMENT_PLAN", "expansion_area": "EA-2C", "unit": null, "section": "54235", "block": "54325", "buildable_lots": 12, "non_buildable_lots": 1, "cabinet": "23452", "slide": "34523", "calculation_note": "None", "sewer_due": "143187.11", "non_sewer_due": "215651.15", "subdivision": 2, "created_by": 1, "modified_by": 1, "history_date": "2017-07-24T19:08:38.152Z", "history_change_reason": null, "history_user": 1, "history_type": "~"}}, {"model": "plats.historicalplat", "pk": 23, "fields": {"id": 11, "is_approved": false, "is_active": true, "date_recorded": "2017-07-03", "date_created": "2017-07-24", "date_modified": "2017-07-24", "name": "High Tides", "total_acreage": "12.00", "latitude": null, "longitude": null, "plat_type": "DEVELOPMENT_PLAN", "expansion_area": "EA-2C", "unit": null, "section": "54235", "block": "54325", "buildable_lots": 12, "non_buildable_lots": 1, "cabinet": "23452", "slide": "34523", "calculation_note": "None", "sewer_due": "394772.57", "non_sewer_due": "613618.82", "subdivision": 2, "created_by": 1, "modified_by": 1, "history_date": "2017-07-24T19:09:22.682Z", "history_change_reason": null, "history_user": 1, "history_type": "~"}}, {"model": "plats.historicalplat", "pk": 24, "fields": {"id": 11, "is_approved": false, "is_active": true, "date_recorded": "2017-07-03", "date_created": "2017-07-24", "date_modified": "2017-07-24", "name": "High Tides", "total_acreage": "12.00", "latitude": null, "longitude": null, "plat_type": "DEVELOPMENT_PLAN", "expansion_area": "EA-2C", "unit": null, "section": "54235", "block": "54325", "buildable_lots": 12, "non_buildable_lots": 1, "cabinet": "23452", "slide": "34523", "calculation_note": "None", "sewer_due": "401274.67", "non_sewer_due": "625356.49", "subdivision": 2, "created_by": 1, "modified_by": 1, "history_date": "2017-07-24T19:11:08.001Z", "history_change_reason": null, "history_user": 1, "history_type": "~"}}, {"model": "plats.historicalplat", "pk": 25, "fields": {"id": 12, "is_approved": false, "is_active": true, "date_recorded": "2017-06-14", "date_created": "2017-07-24", "date_modified": "2017-07-24", "name": "Bunnies", "total_acreage": "8.00", "latitude": null, "longitude": null, "plat_type": "PLAT", "expansion_area": "EA-2A", "unit": null, "section": "473892", "block": "9287", "buildable_lots": 12, "non_buildable_lots": 0, "cabinet": "432789", "slide": "2789", "calculation_note": "None", "sewer_due": "0.00", "non_sewer_due": "0.00", "subdivision": 3, "created_by": 1, "modified_by": 1, "history_date": "2017-07-24T19:21:51.225Z", "history_change_reason": null, "history_user": 1, "history_type": "+"}}, {"model": "plats.historicalplat", "pk": 26, "fields": {"id": 12, "is_approved": false, "is_active": true, "date_recorded": "2017-06-14", "date_created": "2017-07-24", "date_modified": "2017-07-24", "name": "Bunnies", "total_acreage": "8.00", "latitude": null, "longitude": null, "plat_type": "PLAT", "expansion_area": "EA-2A", "unit": null, "section": "473892", "block": "9287", "buildable_lots": 12, "non_buildable_lots": 0, "cabinet": "432789", "slide": "2789", "calculation_note": "None", "sewer_due": "33637.36", "non_sewer_due": "115685.20", "subdivision": 3, "created_by": 1, "modified_by": 1, "history_date": "2017-07-24T19:25:49.802Z", "history_change_reason": null, "history_user": 1, "history_type": "~"}}, {"model": "plats.historicalplat", "pk": 27, "fields": {"id": 13, "is_approved": false, "is_active": true, "date_recorded": "2009-07-07", "date_created": "2017-07-24", "date_modified": "2017-07-24", "name": "Riptide", "total_acreage": "9.00", "latitude": null, "longitude": null, "plat_type": "DEVELOPMENT_PLAN", "expansion_area": "EA-2A", "unit": null, "section": "8794327", "block": "234789", "buildable_lots": 14, "non_buildable_lots": 3, "cabinet": "472398", "slide": "43289", "calculation_note": "None", "sewer_due": "0.00", "non_sewer_due": "0.00", "subdivision": 1, "created_by": 1, "modified_by": 1, "history_date": "2017-07-24T20:22:52.647Z", "history_change_reason": null, "history_user": 1, "history_type": "+"}}, {"model": "plats.historicalplat", "pk": 28, "fields": {"id": 13, "is_approved": false, "is_active": true, "date_recorded": "2009-07-07", "date_created": "2017-07-24", "date_modified": "2017-07-24", "name": "Riptide", "total_acreage": "9.00", "latitude": null, "longitude": null, "plat_type": "DEVELOPMENT_PLAN", "expansion_area": "EA-2A", "unit": null, "section": "8794327", "block": "234789", "buildable_lots": 14, "non_buildable_lots": 3, "cabinet": "472398", "slide": "43289", "calculation_note": "None", "sewer_due": "72307.08", "non_sewer_due": "238062.20", "subdivision": 1, "created_by": 1, "modified_by": 1, "history_date": "2017-07-24T20:24:21.101Z", "history_change_reason": null, "history_user": 1, "history_type": "~"}}, {"model": "plats.historicalplat", "pk": 29, "fields": {"id": 14, "is_approved": false, "is_active": true, "date_recorded": "2012-01-28", "date_created": "2017-07-24", "date_modified": "2017-07-24", "name": "Rowing", "total_acreage": "8.00", "latitude": null, "longitude": null, "plat_type": "PLAT", "expansion_area": "EA-2C", "unit": null, "section": "98273", "block": "324789", "buildable_lots": 19, "non_buildable_lots": 0, "cabinet": "473829", "slide": "89724", "calculation_note": "None", "sewer_due": "0.00", "non_sewer_due": "0.00", "subdivision": 3, "created_by": 1, "modified_by": 1, "history_date": "2017-07-24T20:27:57.333Z", "history_change_reason": null, "history_user": 1, "history_type": "+"}}, {"model": "plats.historicalplat", "pk": 30, "fields": {"id": 14, "is_approved": false, "is_active": true, "date_recorded": "2012-01-28", "date_created": "2017-07-24", "date_modified": "2017-07-24", "name": "Rowing", "total_acreage": "8.00", "latitude": null, "longitude": null, "plat_type": "PLAT", "expansion_area": "EA-2C", "unit": null, "section": "98273", "block": "324789", "buildable_lots": 19, "non_buildable_lots": 0, "cabinet": "473829", "slide": "89724", "calculation_note": "None", "sewer_due": "52068.04", "non_sewer_due": "78418.60", "subdivision": 3, "created_by": 1, "modified_by": 1, "history_date": "2017-07-24T20:28:39.284Z", "history_change_reason": null, "history_user": 1, "history_type": "~"}}, {"model": "plats.historicalplat", "pk": 31, "fields": {"id": 15, "is_approved": false, "is_active": true, "date_recorded": "2017-06-15", "date_created": "2017-07-24", "date_modified": "2017-07-24", "name": "Rain", "total_acreage": "12.00", "latitude": null, "longitude": null, "plat_type": "PLAT", "expansion_area": "EA-2A", "unit": null, "section": "6453365", "block": "3865468", "buildable_lots": 14, "non_buildable_lots": 1, "cabinet": "54236", "slide": "26345", "calculation_note": "None", "sewer_due": "0.00", "non_sewer_due": "0.00", "subdivision": 3, "created_by": 1, "modified_by": 1, "history_date": "2017-07-24T20:30:53.221Z", "history_change_reason": null, "history_user": 1, "history_type": "+"}}, {"model": "plats.historicalplat", "pk": 32, "fields": {"id": 16, "is_approved": false, "is_active": true, "date_recorded": "2017-07-03", "date_created": "2017-07-24", "date_modified": "2017-07-24", "name": "Float", "total_acreage": "23.00", "latitude": null, "longitude": null, "plat_type": "DEVELOPMENT_PLAN", "expansion_area": "EA-2A", "unit": null, "section": "6543", "block": "65436", "buildable_lots": 24, "non_buildable_lots": 2, "cabinet": "65346", "slide": "65345", "calculation_note": "None", "sewer_due": "0.00", "non_sewer_due": "0.00", "subdivision": 1, "created_by": 1, "modified_by": 1, "history_date": "2017-07-24T20:33:08.473Z", "history_change_reason": null, "history_user": 1, "history_type": "+"}}, {"model": "plats.historicalplat", "pk": 33, "fields": {"id": 17, "is_approved": false, "is_active": true, "date_recorded": "2017-07-07", "date_created": "2017-07-24", "date_modified": "2017-07-24", "name": "Treeline", "total_acreage": "23.00", "latitude": null, "longitude": null, "plat_type": "PLAT", "expansion_area": "EA-2A", "unit": null, "section": "7654", "block": "4856", "buildable_lots": 23, "non_buildable_lots": 2, "cabinet": "85684", "slide": "4568", "calculation_note": "None", "sewer_due": "0.00", "non_sewer_due": "0.00", "subdivision": 3, "created_by": 1, "modified_by": 1, "history_date": "2017-07-24T20:34:21.741Z", "history_change_reason": null, "history_user": 1, "history_type": "+"}}, {"model": "plats.historicalplat", "pk": 34, "fields": {"id": 18, "is_approved": false, "is_active": true, "date_recorded": "2017-07-06", "date_created": "2017-07-24", "date_modified": "2017-07-24", "name": "Bump", "total_acreage": "12.00", "latitude": null, "longitude": null, "plat_type": "DEVELOPMENT_PLAN", "expansion_area": "EA-2A", "unit": null, "section": "8765", "block": "5678", "buildable_lots": 12, "non_buildable_lots": 1, "cabinet": "765876", "slide": "87568", "calculation_note": "None", "sewer_due": "0.00", "non_sewer_due": "0.00", "subdivision": 2, "created_by": 1, "modified_by": 1, "history_date": "2017-07-24T20:36:25.887Z", "history_change_reason": null, "history_user": 1, "history_type": "+"}}, {"model": "plats.historicalplat", "pk": 35, "fields": {"id": 19, "is_approved": false, "is_active": true, "date_recorded": "2017-07-06", "date_created": "2017-07-24", "date_modified": "2017-07-24", "name": "Tree Line", "total_acreage": "12.00", "latitude": null, "longitude": null, "plat_type": "PLAT", "expansion_area": "EA-2C", "unit": null, "section": "54326", "block": "163461", "buildable_lots": 12, "non_buildable_lots": 12, "cabinet": "6616", "slide": "15123", "calculation_note": "None", "sewer_due": "0.00", "non_sewer_due": "0.00", "subdivision": 2, "created_by": 1, "modified_by": 1, "history_date": "2017-07-24T20:42:59.715Z", "history_change_reason": null, "history_user": 1, "history_type": "+"}}, {"model": "plats.historicalplat", "pk": 36, "fields": {"id": 20, "is_approved": false, "is_active": true, "date_recorded": "2017-07-03", "date_created": "2017-07-24", "date_modified": "2017-07-24", "name": "Yeap", "total_acreage": "23.00", "latitude": null, "longitude": null, "plat_type": "DEVELOPMENT_PLAN", "expansion_area": "EA-1", "unit": null, "section": "151643", "block": "1631461", "buildable_lots": 23, "non_buildable_lots": 2, "cabinet": "63616", "slide": "13636", "calculation_note": "None", "sewer_due": "0.00", "non_sewer_due": "0.00", "subdivision": 3, "created_by": 1, "modified_by": 1, "history_date": "2017-07-24T20:46:14.566Z", "history_change_reason": null, "history_user": 1, "history_type": "+"}}, {"model": "plats.historicalplat", "pk": 37, "fields": {"id": 20, "is_approved": false, "is_active": true, "date_recorded": "2017-07-03", "date_created": "2017-07-24", "date_modified": "2017-07-24", "name": "Yeap", "total_acreage": "23.00", "latitude": null, "longitude": null, "plat_type": "DEVELOPMENT_PLAN", "expansion_area": "EA-1", "unit": null, "section": "151643", "block": "1631461", "buildable_lots": 23, "non_buildable_lots": 2, "cabinet": "63616", "slide": "13636", "calculation_note": "None", "sewer_due": "200518.80", "non_sewer_due": "20000.00", "subdivision": 3, "created_by": 1, "modified_by": 1, "history_date": "2017-07-24T20:49:46.735Z", "history_change_reason": null, "history_user": 1, "history_type": "~"}}, {"model": "plats.historicalplat", "pk": 38, "fields": {"id": 19, "is_approved": false, "is_active": true, "date_recorded": "2017-07-06", "date_created": "2017-07-24", "date_modified": "2017-07-24", "name": "Tree Line", "total_acreage": "12.00", "latitude": null, "longitude": null, "plat_type": "PLAT", "expansion_area": "EA-2C", "unit": null, "section": "54326", "block": "163461", "buildable_lots": 12, "non_buildable_lots": 12, "cabinet": "6616", "slide": "15123", "calculation_note": "None", "sewer_due": "223631.52", "non_sewer_due": "353749.04", "subdivision": 2, "created_by": 1, "modified_by": 1, "history_date": "2017-07-24T20:52:27.169Z", "history_change_reason": null, "history_user": 1, "history_type": "~"}}, {"model": "plats.historicalplat", "pk": 39, "fields": {"id": 18, "is_approved": false, "is_active": true, "date_recorded": "2017-07-06", "date_created": "2017-07-24", "date_modified": "2017-07-24", "name": "Bump", "total_acreage": "12.00", "latitude": null, "longitude": null, "plat_type": "DEVELOPMENT_PLAN", "expansion_area": "EA-2A", "unit": null, "section": "8765", "block": "5678", "buildable_lots": 12, "non_buildable_lots": 1, "cabinet": "765876", "slide": "87568", "calculation_note": "None", "sewer_due": "90383.85", "non_sewer_due": "297577.75", "subdivision": 2, "created_by": 1, "modified_by": 1, "history_date": "2017-07-24T20:57:27.388Z", "history_change_reason": null, "history_user": 1, "history_type": "~"}}, {"model": "plats.historicalplat", "pk": 40, "fields": {"id": 18, "is_approved": false, "is_active": true, "date_recorded": "2017-07-06", "date_created": "2017-07-24", "date_modified": "2017-07-24", "name": "Bump", "total_acreage": "12.00", "latitude": null, "longitude": null, "plat_type": "DEVELOPMENT_PLAN", "expansion_area": "EA-2A", "unit": null, "section": "8765", "block": "5678", "buildable_lots": 12, "non_buildable_lots": 1, "cabinet": "765876", "slide": "87568", "calculation_note": "None", "sewer_due": "99213.65", "non_sewer_due": "330388.71", "subdivision": 2, "created_by": 1, "modified_by": 1, "history_date": "2017-07-24T20:59:40.802Z", "history_change_reason": null, "history_user": 1, "history_type": "~"}}, {"model": "plats.historicalplat", "pk": 41, "fields": {"id": 18, "is_approved": false, "is_active": true, "date_recorded": "2017-07-06", "date_created": "2017-07-24", "date_modified": "2017-07-24", "name": "Bump", "total_acreage": "12.00", "latitude": null, "longitude": null, "plat_type": "DEVELOPMENT_PLAN", "expansion_area": "EA-2A", "unit": null, "section": "8765", "block": "5678", "buildable_lots": 12, "non_buildable_lots": 1, "cabinet": "765876", "slide": "87568", "calculation_note": "None", "sewer_due": "126470.64", "non_sewer_due": "384141.29", "subdivision": 2, "created_by": 1, "modified_by": 1, "history_date": "2017-07-24T21:00:03.017Z", "history_change_reason": null, "history_user": 1, "history_type": "~"}}, {"model": "plats.historicalplat", "pk": 42, "fields": {"id": 18, "is_approved": false, "is_active": true, "date_recorded": "2017-07-06", "date_created": "2017-07-24", "date_modified": "2017-07-24", "name": "Bump", "total_acreage": "12.00", "latitude": null, "longitude": null, "plat_type": "DEVELOPMENT_PLAN", "expansion_area": "EA-2A", "unit": null, "section": "8765", "block": "5678", "buildable_lots": 12, "non_buildable_lots": 1, "cabinet": "765876", "slide": "87568", "calculation_note": "None", "sewer_due": "130675.31", "non_sewer_due": "398601.94", "subdivision": 2, "created_by": 1, "modified_by": 1, "history_date": "2017-07-24T21:01:21.931Z", "history_change_reason": null, "history_user": 1, "history_type": "~"}}, {"model": "plats.historicalplat", "pk": 43, "fields": {"id": 18, "is_approved": false, "is_active": true, "date_recorded": "2017-07-06", "date_created": "2017-07-24", "date_modified": "2017-07-24", "name": "Bump", "total_acreage": "12.00", "latitude": null, "longitude": null, "plat_type": "DEVELOPMENT_PLAN", "expansion_area": "EA-2A", "unit": null, "section": "8765", "block": "5678", "buildable_lots": 12, "non_buildable_lots": 1, "cabinet": "765876", "slide": "87568", "calculation_note": "None", "sewer_due": "139092.92", "non_sewer_due": "427081.16", "subdivision": 2, "created_by": 1, "modified_by": 1, "history_date": "2017-07-24T21:02:08.655Z", "history_change_reason": null, "history_user": 1, "history_type": "~"}}, {"model": "plats.historicalplat", "pk": 44, "fields": {"id": 18, "is_approved": false, "is_active": true, "date_recorded": "2017-07-06", "date_created": "2017-07-24", "date_modified": "2017-07-24", "name": "Bump", "total_acreage": "12.00", "latitude": null, "longitude": null, "plat_type": "DEVELOPMENT_PLAN", "expansion_area": "EA-2A", "unit": null, "section": "8765", "block": "5678", "buildable_lots": 12, "non_buildable_lots": 1, "cabinet": "765876", "slide": "87568", "calculation_note": "None", "sewer_due": "157169.69", "non_sewer_due": "486596.71", "subdivision": 2, "created_by": 1, "modified_by": 1, "history_date": "2017-07-24T21:12:36.334Z", "history_change_reason": null, "history_user": 1, "history_type": "~"}}, {"model": "plats.historicalplat", "pk": 45, "fields": {"id": 18, "is_approved": false, "is_active": true, "date_recorded": "2017-07-06", "date_created": "2017-07-24", "date_modified": "2017-07-24", "name": "Bump", "total_acreage": "12.00", "latitude": null, "longitude": null, "plat_type": "DEVELOPMENT_PLAN", "expansion_area": "EA-2A", "unit": null, "section": "8765", "block": "5678", "buildable_lots": 12, "non_buildable_lots": 1, "cabinet": "765876", "slide": "87568", "calculation_note": "None", "sewer_due": "180136.23", "non_sewer_due": "644585.37", "subdivision": 2, "created_by": 1, "modified_by": 1, "history_date": "2017-07-24T21:13:53.293Z", "history_change_reason": null, "history_user": 1, "history_type": "~"}}, {"model": "plats.historicalplat", "pk": 46, "fields": {"id": 18, "is_approved": false, "is_active": true, "date_recorded": "2017-07-06", "date_created": "2017-07-24", "date_modified": "2017-07-24", "name": "Bump", "total_acreage": "12.00", "latitude": null, "longitude": null, "plat_type": "DEVELOPMENT_PLAN", "expansion_area": "EA-2A", "unit": null, "section": "8765", "block": "5678", "buildable_lots": 12, "non_buildable_lots": 1, "cabinet": "765876", "slide": "87568", "calculation_note": "None", "sewer_due": "188553.84", "non_sewer_due": "673064.59", "subdivision": 2, "created_by": 1, "modified_by": 1, "history_date": "2017-07-24T21:17:59.314Z", "history_change_reason": null, "history_user": 1, "history_type": "~"}}, {"model": "plats.historicalplat", "pk": 47, "fields": {"id": 18, "is_approved": false, "is_active": true, "date_recorded": "2017-07-06", "date_created": "2017-07-24", "date_modified": "2017-07-24", "name": "Bump", "total_acreage": "12.00", "latitude": null, "longitude": null, "plat_type": "DEVELOPMENT_PLAN", "expansion_area": "EA-2A", "unit": null, "section": "8765", "block": "5678", "buildable_lots": 12, "non_buildable_lots": 1, "cabinet": "765876", "slide": "87568", "calculation_note": "None", "sewer_due": "215810.83", "non_sewer_due": "726817.17", "subdivision": 2, "created_by": 1, "modified_by": 1, "history_date": "2017-07-24T21:19:20.959Z", "history_change_reason": null, "history_user": 1, "history_type": "~"}}, {"model": "plats.historicalplat", "pk": 48, "fields": {"id": 21, "is_approved": false, "is_active": true, "date_recorded": "2017-06-14", "date_created": "2017-07-24", "date_modified": "2017-07-24", "name": "Waves", "total_acreage": "12.00", "latitude": null, "longitude": null, "plat_type": "PLAT", "expansion_area": "EA-2A", "unit": null, "section": "314235", "block": "15253", "buildable_lots": 12, "non_buildable_lots": 1, "cabinet": "1523", "slide": "15231", "calculation_note": "None", "sewer_due": "0.00", "non_sewer_due": "0.00", "subdivision": 1, "created_by": 1, "modified_by": 1, "history_date": "2017-07-24T21:20:38.280Z", "history_change_reason": null, "history_user": 1, "history_type": "+"}}, {"model": "plats.historicalplat", "pk": 49, "fields": {"id": 21, "is_approved": false, "is_active": true, "date_recorded": "2017-06-14", "date_created": "2017-07-24", "date_modified": "2017-07-24", "name": "Waves", "total_acreage": "12.00", "latitude": null, "longitude": null, "plat_type": "PLAT", "expansion_area": "EA-2A", "unit": null, "section": "314235", "block": "15253", "buildable_lots": 12, "non_buildable_lots": 1, "cabinet": "1523", "slide": "15231", "calculation_note": "None", "sewer_due": "10091.20", "non_sewer_due": "37498.24", "subdivision": 1, "created_by": 1, "modified_by": 1, "history_date": "2017-07-24T21:20:46.726Z", "history_change_reason": null, "history_user": 1, "history_type": "~"}}, {"model": "plats.historicalplat", "pk": 50, "fields": {"id": 21, "is_approved": false, "is_active": true, "date_recorded": "2017-06-14", "date_created": "2017-07-24", "date_modified": "2017-07-24", "name": "Waves", "total_acreage": "12.00", "latitude": null, "longitude": null, "plat_type": "PLAT", "expansion_area": "EA-2A", "unit": null, "section": "314235", "block": "15253", "buildable_lots": 12, "non_buildable_lots": 1, "cabinet": "1523", "slide": "15231", "calculation_note": "None", "sewer_due": "82398.28", "non_sewer_due": "275560.44", "subdivision": 1, "created_by": 1, "modified_by": 1, "history_date": "2017-07-24T21:21:10.728Z", "history_change_reason": null, "history_user": 1, "history_type": "~"}}, {"model": "plats.historicalplat", "pk": 51, "fields": {"id": 22, "is_approved": false, "is_active": true, "date_recorded": "2017-07-03", "date_created": "2017-07-24", "date_modified": "2017-07-24", "name": "Tides", "total_acreage": "23.00", "latitude": null, "longitude": null, "plat_type": "PLAT", "expansion_area": "EA-1", "unit": null, "section": "154551", "block": "152362", "buildable_lots": 23, "non_buildable_lots": 2, "cabinet": "123521", "slide": "15235", "calculation_note": "None", "sewer_due": "0.00", "non_sewer_due": "0.00", "subdivision": 2, "created_by": 1, "modified_by": 1, "history_date": "2017-07-24T21:24:30.027Z", "history_change_reason": null, "history_user": 1, "history_type": "+"}}, {"model": "plats.historicalplat", "pk": 52, "fields": {"id": 22, "is_approved": false, "is_active": true, "date_recorded": "2017-07-03", "date_created": "2017-07-24", "date_modified": "2017-07-24", "name": "Tides", "total_acreage": "23.00", "latitude": null, "longitude": null, "plat_type": "PLAT", "expansion_area": "EA-1", "unit": null, "section": "154551", "block": "152362", "buildable_lots": 23, "non_buildable_lots": 2, "cabinet": "123521", "slide": "15235", "calculation_note": "None", "sewer_due": "0.00", "non_sewer_due": "0.00", "subdivision": 2, "created_by": 1, "modified_by": 1, "history_date": "2017-07-24T21:24:36.901Z", "history_change_reason": null, "history_user": 1, "history_type": "~"}}, {"model": "plats.historicalplat", "pk": 53, "fields": {"id": 23, "is_approved": false, "is_active": true, "date_recorded": "2017-05-18", "date_created": "2017-07-24", "date_modified": "2017-07-24", "name": "Rapids", "total_acreage": "23.00", "latitude": null, "longitude": null, "plat_type": "PLAT", "expansion_area": "EA-1", "unit": null, "section": "513251", "block": "123415", "buildable_lots": 23, "non_buildable_lots": 2, "cabinet": "1532", "slide": "125", "calculation_note": "None", "sewer_due": "0.00", "non_sewer_due": "0.00", "subdivision": 3, "created_by": 1, "modified_by": 1, "history_date": "2017-07-24T21:26:09.315Z", "history_change_reason": null, "history_user": 1, "history_type": "+"}}, {"model": "plats.historicalplat", "pk": 54, "fields": {"id": 23, "is_approved": false, "is_active": true, "date_recorded": "2017-05-18", "date_created": "2017-07-24", "date_modified": "2017-07-24", "name": "Rapids", "total_acreage": "23.00", "latitude": null, "longitude": null, "plat_type": "PLAT", "expansion_area": "EA-1", "unit": null, "section": "513251", "block": "123415", "buildable_lots": 23, "non_buildable_lots": 2, "cabinet": "1532", "slide": "125", "calculation_note": "None", "sewer_due": "0.00", "non_sewer_due": "0.00", "subdivision": 3, "created_by": 1, "modified_by": 1, "history_date": "2017-07-24T21:26:14.821Z", "history_change_reason": null, "history_user": 1, "history_type": "~"}}, {"model": "plats.historicalplat", "pk": 55, "fields": {"id": 24, "is_approved": false, "is_active": true, "date_recorded": "2017-07-14", "date_created": "2017-07-24", "date_modified": "2017-07-24", "name": "Surf", "total_acreage": "12.00", "latitude": null, "longitude": null, "plat_type": "PLAT", "expansion_area": "EA-3", "unit": null, "section": "31432", "block": "12431", "buildable_lots": 12, "non_buildable_lots": 12, "cabinet": "1432", "slide": "1532", "calculation_note": "None", "sewer_due": "0.00", "non_sewer_due": "0.00", "subdivision": 3, "created_by": 1, "modified_by": 1, "history_date": "2017-07-24T21:27:24.644Z", "history_change_reason": null, "history_user": 1, "history_type": "+"}}, {"model": "plats.historicalplat", "pk": 56, "fields": {"id": 24, "is_approved": false, "is_active": true, "date_recorded": "2017-07-14", "date_created": "2017-07-24", "date_modified": "2017-07-24", "name": "Surf", "total_acreage": "12.00", "latitude": null, "longitude": null, "plat_type": "PLAT", "expansion_area": "EA-3", "unit": null, "section": "31432", "block": "12431", "buildable_lots": 12, "non_buildable_lots": 12, "cabinet": "1432", "slide": "1532", "calculation_note": "None", "sewer_due": "110106.15", "non_sewer_due": "230298.60", "subdivision": 3, "created_by": 1, "modified_by": 1, "history_date": "2017-07-24T21:27:31.836Z", "history_change_reason": null, "history_user": 1, "history_type": "~"}}, {"model": "plats.historicalplat", "pk": 57, "fields": {"id": 24, "is_approved": false, "is_active": true, "date_recorded": "2017-07-14", "date_created": "2017-07-24", "date_modified": "2017-07-24", "name": "Surf", "total_acreage": "12.00", "latitude": null, "longitude": null, "plat_type": "PLAT", "expansion_area": "EA-3", "unit": null, "section": "31432", "block": "12431", "buildable_lots": 12, "non_buildable_lots": 12, "cabinet": "1432", "slide": "1532", "calculation_note": "None", "sewer_due": "110106.15", "non_sewer_due": "230298.60", "subdivision": 3, "created_by": 1, "modified_by": 1, "history_date": "2017-07-24T21:28:26.810Z", "history_change_reason": null, "history_user": 1, "history_type": "~"}}, {"model": "plats.historicalplat", "pk": 58, "fields": {"id": 24, "is_approved": false, "is_active": true, "date_recorded": "2017-07-14", "date_created": "2017-07-24", "date_modified": "2017-07-24", "name": "Surf", "total_acreage": "12.00", "latitude": null, "longitude": null, "plat_type": "PLAT", "expansion_area": "EA-3", "unit": null, "section": "31432", "block": "12431", "buildable_lots": 12, "non_buildable_lots": 12, "cabinet": "1432", "slide": "1532", "calculation_note": "None", "sewer_due": "110106.15", "non_sewer_due": "230298.60", "subdivision": 3, "created_by": 1, "modified_by": 1, "history_date": "2017-07-24T21:28:27.052Z", "history_change_reason": null, "history_user": 1, "history_type": "~"}}, {"model": "plats.plat", "pk": 1, "fields": {"is_approved": false, "is_active": true, "subdivision": 2, "date_recorded": "2017-07-13", "date_created": "2017-07-20", "date_modified": "2017-07-21", "created_by": 1, "modified_by": 1, "name": "Rolling Rivers", "total_acreage": "24.00", "latitude": null, "longitude": null, "plat_type": "DEVELOPMENT_PLAN", "expansion_area": "EA-2A", "unit": null, "section": "478497", "block": "571923", "buildable_lots": 42, "non_buildable_lots": 1, "cabinet": "879432798", "slide": "89-49834", "calculation_note": "None", "sewer_due": "116148.12", "non_sewer_due": "397998.00"}}, {"model": "plats.plat", "pk": 2, "fields": {"is_approved": false, "is_active": true, "subdivision": 1, "date_recorded": "2017-07-06", "date_created": "2017-07-20", "date_modified": "2017-07-21", "created_by": 1, "modified_by": 1, "name": "Running Trails", "total_acreage": "42.00", "latitude": null, "longitude": null, "plat_type": "DEVELOPMENT_PLAN", "expansion_area": "EA-2B", "unit": "", "section": "47829", "block": "9847", "buildable_lots": 82, "non_buildable_lots": 1, "cabinet": "986", "slide": "7684", "calculation_note": "None", "sewer_due": "104125.83", "non_sewer_due": "368832.60"}}, {"model": "plats.plat", "pk": 3, "fields": {"is_approved": false, "is_active": true, "subdivision": 3, "date_recorded": "2017-07-01", "date_created": "2017-07-20", "date_modified": "2017-07-20", "created_by": 1, "modified_by": 1, "name": "Rapid Run", "total_acreage": "12.00", "latitude": null, "longitude": null, "plat_type": "PLAT", "expansion_area": "EA-1", "unit": null, "section": "68921", "block": "67891", "buildable_lots": 21, "non_buildable_lots": 0, "cabinet": "48712", "slide": "23923", "calculation_note": "None", "sewer_due": "0.00", "non_sewer_due": "0.00"}}, {"model": "plats.plat", "pk": 4, "fields": {"is_approved": false, "is_active": true, "subdivision": 2, "date_recorded": "2017-07-01", "date_created": "2017-07-20", "date_modified": "2017-07-20", "created_by": 1, "modified_by": 1, "name": "Class One", "total_acreage": "23.00", "latitude": null, "longitude": null, "plat_type": "DEVELOPMENT_PLAN", "expansion_area": "EA-2C", "unit": null, "section": "48292", "block": "98428", "buildable_lots": 42, "non_buildable_lots": 0, "cabinet": "67878", "slide": "8923479", "calculation_note": "None", "sewer_due": "0.00", "non_sewer_due": "0.00"}}, {"model": "plats.plat", "pk": 5, "fields": {"is_approved": false, "is_active": true, "subdivision": 3, "date_recorded": "2014-09-01", "date_created": "2017-07-21", "date_modified": "2017-07-21", "created_by": 1, "modified_by": 1, "name": "Float Bay", "total_acreage": "9.00", "latitude": null, "longitude": null, "plat_type": "PLAT", "expansion_area": "EA-2C", "unit": null, "section": "74892", "block": "91748", "buildable_lots": 17, "non_buildable_lots": 2, "cabinet": "29472", "slide": "98-1274", "calculation_note": "None", "sewer_due": "0.00", "non_sewer_due": "0.00"}}, {"model": "plats.plat", "pk": 6, "fields": {"is_approved": false, "is_active": true, "subdivision": 3, "date_recorded": "1999-08-03", "date_created": "2017-07-24", "date_modified": "2017-07-24", "created_by": 1, "modified_by": 1, "name": "Paddle", "total_acreage": "12.00", "latitude": null, "longitude": null, "plat_type": "PLAT", "expansion_area": "EA-2B", "unit": null, "section": "82349", "block": "894327", "buildable_lots": 24, "non_buildable_lots": 1, "cabinet": "43729", "slide": "7523", "calculation_note": "None", "sewer_due": "0.00", "non_sewer_due": "0.00"}}, {"model": "plats.plat", "pk": 7, "fields": {"is_approved": false, "is_active": true, "subdivision": 1, "date_recorded": "2008-04-05", "date_created": "2017-07-24", "date_modified": "2017-07-24", "created_by": 1, "modified_by": 1, "name": "Rapid Run", "total_acreage": "16.00", "latitude": null, "longitude": null, "plat_type": "PLAT", "expansion_area": "EA-2B", "unit": null, "section": "4732", "block": "47329", "buildable_lots": 19, "non_buildable_lots": 0, "cabinet": "47893", "slide": "8342", "calculation_note": "None", "sewer_due": "0.00", "non_sewer_due": "0.00"}}, {"model": "plats.plat", "pk": 8, "fields": {"is_approved": false, "is_active": true, "subdivision": 1, "date_recorded": "2009-05-02", "date_created": "2017-07-24", "date_modified": "2017-07-24", "created_by": 1, "modified_by": 1, "name": "Hopping Hill", "total_acreage": "32.00", "latitude": null, "longitude": null, "plat_type": "PLAT", "expansion_area": "EA-1", "unit": null, "section": "437829", "block": "9287", "buildable_lots": 42, "non_buildable_lots": 12, "cabinet": "789", "slide": "8792", "calculation_note": "None", "sewer_due": "0.00", "non_sewer_due": "0.00"}}, {"model": "plats.plat", "pk": 9, "fields": {"is_approved": false, "is_active": true, "subdivision": 1, "date_recorded": "2017-07-06", "date_created": "2017-07-24", "date_modified": "2017-07-24", "created_by": 1, "modified_by": 1, "name": "Jump in", "total_acreage": "23.00", "latitude": null, "longitude": null, "plat_type": "DEVELOPMENT_PLAN", "expansion_area": "EA-2A", "unit": null, "section": "65436", "block": "65436", "buildable_lots": 23, "non_buildable_lots": 1, "cabinet": "4563", "slide": "34645", "calculation_note": "None", "sewer_due": "0.00", "non_sewer_due": "0.00"}}, {"model": "plats.plat", "pk": 10, "fields": {"is_approved": false, "is_active": true, "subdivision": 2, "date_recorded": "2017-07-06", "date_created": "2017-07-24", "date_modified": "2017-07-24", "created_by": 1, "modified_by": 1, "name": "Class One", "total_acreage": "25.00", "latitude": null, "longitude": null, "plat_type": "PLAT", "expansion_area": "EA-2C", "unit": null, "section": "7843", "block": "473892", "buildable_lots": 55, "non_buildable_lots": 0, "cabinet": "982374", "slide": "23874", "calculation_note": "None", "sewer_due": "169221.13", "non_sewer_due": "254860.45"}}, {"model": "plats.plat", "pk": 11, "fields": {"is_approved": false, "is_active": true, "subdivision": 2, "date_recorded": "2017-07-03", "date_created": "2017-07-24", "date_modified": "2017-07-24", "created_by": 1, "modified_by": 1, "name": "High Tides", "total_acreage": "12.00", "latitude": null, "longitude": null, "plat_type": "DEVELOPMENT_PLAN", "expansion_area": "EA-2C", "unit": null, "section": "54235", "block": "54325", "buildable_lots": 12, "non_buildable_lots": 1, "cabinet": "23452", "slide": "34523", "calculation_note": "None", "sewer_due": "401274.67", "non_sewer_due": "625356.49"}}, {"model": "plats.plat", "pk": 12, "fields": {"is_approved": false, "is_active": true, "subdivision": 3, "date_recorded": "2017-06-14", "date_created": "2017-07-24", "date_modified": "2017-07-24", "created_by": 1, "modified_by": 1, "name": "Bunnies", "total_acreage": "8.00", "latitude": null, "longitude": null, "plat_type": "PLAT", "expansion_area": "EA-2A", "unit": null, "section": "473892", "block": "9287", "buildable_lots": 12, "non_buildable_lots": 0, "cabinet": "432789", "slide": "2789", "calculation_note": "None", "sewer_due": "33637.36", "non_sewer_due": "115685.20"}}, {"model": "plats.plat", "pk": 13, "fields": {"is_approved": false, "is_active": true, "subdivision": 1, "date_recorded": "2009-07-07", "date_created": "2017-07-24", "date_modified": "2017-07-24", "created_by": 1, "modified_by": 1, "name": "Riptide", "total_acreage": "9.00", "latitude": null, "longitude": null, "plat_type": "DEVELOPMENT_PLAN", "expansion_area": "EA-2A", "unit": null, "section": "8794327", "block": "234789", "buildable_lots": 14, "non_buildable_lots": 3, "cabinet": "472398", "slide": "43289", "calculation_note": "None", "sewer_due": "72307.08", "non_sewer_due": "238062.20"}}, {"model": "plats.plat", "pk": 14, "fields": {"is_approved": false, "is_active": true, "subdivision": 3, "date_recorded": "2012-01-28", "date_created": "2017-07-24", "date_modified": "2017-07-24", "created_by": 1, "modified_by": 1, "name": "Rowing", "total_acreage": "8.00", "latitude": null, "longitude": null, "plat_type": "PLAT", "expansion_area": "EA-2C", "unit": null, "section": "98273", "block": "324789", "buildable_lots": 19, "non_buildable_lots": 0, "cabinet": "473829", "slide": "89724", "calculation_note": "None", "sewer_due": "52068.04", "non_sewer_due": "78418.60"}}, {"model": "plats.plat", "pk": 15, "fields": {"is_approved": false, "is_active": true, "subdivision": 3, "date_recorded": "2017-06-15", "date_created": "2017-07-24", "date_modified": "2017-07-24", "created_by": 1, "modified_by": 1, "name": "Rain", "total_acreage": "12.00", "latitude": null, "longitude": null, "plat_type": "PLAT", "expansion_area": "EA-2A", "unit": null, "section": "6453365", "block": "3865468", "buildable_lots": 14, "non_buildable_lots": 1, "cabinet": "54236", "slide": "26345", "calculation_note": "None", "sewer_due": "0.00", "non_sewer_due": "0.00"}}, {"model": "plats.plat", "pk": 16, "fields": {"is_approved": false, "is_active": true, "subdivision": 1, "date_recorded": "2017-07-03", "date_created": "2017-07-24", "date_modified": "2017-07-24", "created_by": 1, "modified_by": 1, "name": "Float", "total_acreage": "23.00", "latitude": null, "longitude": null, "plat_type": "DEVELOPMENT_PLAN", "expansion_area": "EA-2A", "unit": null, "section": "6543", "block": "65436", "buildable_lots": 24, "non_buildable_lots": 2, "cabinet": "65346", "slide": "65345", "calculation_note": "None", "sewer_due": "0.00", "non_sewer_due": "0.00"}}, {"model": "plats.plat", "pk": 17, "fields": {"is_approved": false, "is_active": true, "subdivision": 3, "date_recorded": "2017-07-07", "date_created": "2017-07-24", "date_modified": "2017-07-24", "created_by": 1, "modified_by": 1, "name": "Treeline", "total_acreage": "23.00", "latitude": null, "longitude": null, "plat_type": "PLAT", "expansion_area": "EA-2A", "unit": null, "section": "7654", "block": "4856", "buildable_lots": 23, "non_buildable_lots": 2, "cabinet": "85684", "slide": "4568", "calculation_note": "None", "sewer_due": "0.00", "non_sewer_due": "0.00"}}, {"model": "plats.plat", "pk": 18, "fields": {"is_approved": false, "is_active": true, "subdivision": 2, "date_recorded": "2017-07-06", "date_created": "2017-07-24", "date_modified": "2017-07-24", "created_by": 1, "modified_by": 1, "name": "Bump", "total_acreage": "12.00", "latitude": null, "longitude": null, "plat_type": "DEVELOPMENT_PLAN", "expansion_area": "EA-2A", "unit": null, "section": "8765", "block": "5678", "buildable_lots": 12, "non_buildable_lots": 1, "cabinet": "765876", "slide": "87568", "calculation_note": "None", "sewer_due": "215810.83", "non_sewer_due": "726817.17"}}, {"model": "plats.plat", "pk": 19, "fields": {"is_approved": false, "is_active": true, "subdivision": 2, "date_recorded": "2017-07-06", "date_created": "2017-07-24", "date_modified": "2017-07-24", "created_by": 1, "modified_by": 1, "name": "Tree Line", "total_acreage": "12.00", "latitude": null, "longitude": null, "plat_type": "PLAT", "expansion_area": "EA-2C", "unit": null, "section": "54326", "block": "163461", "buildable_lots": 12, "non_buildable_lots": 12, "cabinet": "6616", "slide": "15123", "calculation_note": "None", "sewer_due": "223631.52", "non_sewer_due": "353749.04"}}, {"model": "plats.plat", "pk": 20, "fields": {"is_approved": false, "is_active": true, "subdivision": 3, "date_recorded": "2017-07-03", "date_created": "2017-07-24", "date_modified": "2017-07-24", "created_by": 1, "modified_by": 1, "name": "Yeap", "total_acreage": "23.00", "latitude": null, "longitude": null, "plat_type": "DEVELOPMENT_PLAN", "expansion_area": "EA-1", "unit": null, "section": "151643", "block": "1631461", "buildable_lots": 23, "non_buildable_lots": 2, "cabinet": "63616", "slide": "13636", "calculation_note": "None", "sewer_due": "200518.80", "non_sewer_due": "20000.00"}}, {"model": "plats.plat", "pk": 21, "fields": {"is_approved": false, "is_active": true, "subdivision": 1, "date_recorded": "2017-06-14", "date_created": "2017-07-24", "date_modified": "2017-07-24", "created_by": 1, "modified_by": 1, "name": "Waves", "total_acreage": "12.00", "latitude": null, "longitude": null, "plat_type": "PLAT", "expansion_area": "EA-2A", "unit": null, "section": "314235", "block": "15253", "buildable_lots": 12, "non_buildable_lots": 1, "cabinet": "1523", "slide": "15231", "calculation_note": "None", "sewer_due": "82398.28", "non_sewer_due": "275560.44"}}, {"model": "plats.plat", "pk": 22, "fields": {"is_approved": false, "is_active": true, "subdivision": 2, "date_recorded": "2017-07-03", "date_created": "2017-07-24", "date_modified": "2017-07-24", "created_by": 1, "modified_by": 1, "name": "Tides", "total_acreage": "23.00", "latitude": null, "longitude": null, "plat_type": "PLAT", "expansion_area": "EA-1", "unit": null, "section": "154551", "block": "152362", "buildable_lots": 23, "non_buildable_lots": 2, "cabinet": "123521", "slide": "15235", "calculation_note": "None", "sewer_due": "0.00", "non_sewer_due": "0.00"}}, {"model": "plats.plat", "pk": 23, "fields": {"is_approved": false, "is_active": true, "subdivision": 3, "date_recorded": "2017-05-18", "date_created": "2017-07-24", "date_modified": "2017-07-24", "created_by": 1, "modified_by": 1, "name": "Rapids", "total_acreage": "23.00", "latitude": null, "longitude": null, "plat_type": "PLAT", "expansion_area": "EA-1", "unit": null, "section": "513251", "block": "123415", "buildable_lots": 23, "non_buildable_lots": 2, "cabinet": "1532", "slide": "125", "calculation_note": "None", "sewer_due": "0.00", "non_sewer_due": "0.00"}}, {"model": "plats.plat", "pk": 24, "fields": {"is_approved": false, "is_active": true, "subdivision": 3, "date_recorded": "2017-07-14", "date_created": "2017-07-24", "date_modified": "2017-07-24", "created_by": 1, "modified_by": 1, "name": "Surf", "total_acreage": "12.00", "latitude": null, "longitude": null, "plat_type": "PLAT", "expansion_area": "EA-3", "unit": null, "section": "31432", "block": "12431", "buildable_lots": 12, "non_buildable_lots": 12, "cabinet": "1432", "slide": "1532", "calculation_note": "None", "sewer_due": "110106.15", "non_sewer_due": "230298.60"}}, {"model": "plats.historicallot", "pk": 1, "fields": {"id": 1, "is_approved": false, "is_active": true, "parcel_id": null, "date_created": "2017-07-21", "date_modified": "2017-07-21", "lot_number": "784932789", "permit_id": null, "latitude": null, "longitude": null, "address_number": 123, "address_direction": null, "address_street": "Fuzzy Bunny Slippers Way", "address_suffix": null, "address_unit": null, "address_city": "Lexington", "address_state": "KY", "address_zip": "40516", "address_full": "123 null Fuzzy Bunny Slippers Way null null, undefined, undefined 40516", "dues_roads_dev": "0.00", "dues_roads_own": "0.00", "dues_sewer_trans_dev": "0.00", "dues_sewer_trans_own": "0.00", "dues_sewer_cap_dev": "0.00", "dues_sewer_cap_own": "0.00", "dues_parks_dev": "0.00", "dues_parks_own": "0.00", "dues_storm_dev": "0.00", "dues_storm_own": "0.00", "dues_open_space_dev": "0.00", "dues_open_space_own": "0.00", "plat": 4, "created_by": 1, "modified_by": 1, "history_date": "2017-07-21T12:38:56.660Z", "history_change_reason": null, "history_user": 1, "history_type": "+"}}, {"model": "plats.historicallot", "pk": 2, "fields": {"id": 2, "is_approved": false, "is_active": true, "parcel_id": null, "date_created": "2017-07-21", "date_modified": "2017-07-21", "lot_number": "78923", "permit_id": null, "latitude": null, "longitude": null, "address_number": 432, "address_direction": null, "address_street": "Apian Way", "address_suffix": null, "address_unit": null, "address_city": "Lexington", "address_state": "KY", "address_zip": "40515", "address_full": "432 null Apian Way null null, undefined, undefined 40515", "dues_roads_dev": "5525.46", "dues_roads_own": "0.00", "dues_sewer_trans_dev": "1396.36", "dues_sewer_trans_own": "0.00", "dues_sewer_cap_dev": "1369.07", "dues_sewer_cap_own": "0.00", "dues_parks_dev": "1724.97", "dues_parks_own": "0.00", "dues_storm_dev": "1654.28", "dues_storm_own": "0.00", "dues_open_space_dev": "571.43", "dues_open_space_own": "0.00", "plat": 1, "created_by": 1, "modified_by": 1, "history_date": "2017-07-21T12:46:07.926Z", "history_change_reason": null, "history_user": 1, "history_type": "+"}}, {"model": "plats.historicallot", "pk": 3, "fields": {"id": 2, "is_approved": false, "is_active": true, "parcel_id": null, "date_created": "2017-07-21", "date_modified": "2017-07-21", "lot_number": "78923", "permit_id": null, "latitude": null, "longitude": null, "address_number": 432, "address_direction": null, "address_street": "Apian Way", "address_suffix": null, "address_unit": null, "address_city": "Lexington", "address_state": "KY", "address_zip": "40515", "address_full": "432 null Apian Way null null, undefined, undefined 40515", "dues_roads_dev": "5525.46", "dues_roads_own": "5.00", "dues_sewer_trans_dev": "1396.36", "dues_sewer_trans_own": "0.00", "dues_sewer_cap_dev": "1369.07", "dues_sewer_cap_own": "0.00", "dues_parks_dev": "1724.97", "dues_parks_own": "0.00", "dues_storm_dev": "1654.28", "dues_storm_own": "0.00", "dues_open_space_dev": "571.43", "dues_open_space_own": "0.00", "plat": 1, "created_by": 1, "modified_by": 1, "history_date": "2017-07-21T12:58:11.569Z", "history_change_reason": null, "history_user": 1, "history_type": "~"}}, {"model": "plats.historicallot", "pk": 4, "fields": {"id": 2, "is_approved": false, "is_active": true, "parcel_id": null, "date_created": "2017-07-21", "date_modified": "2017-07-21", "lot_number": "78923", "permit_id": null, "latitude": null, "longitude": null, "address_number": 432, "address_direction": null, "address_street": "Apian Way", "address_suffix": null, "address_unit": null, "address_city": "Lexington", "address_state": "KY", "address_zip": "40515", "address_full": "432 null Apian Way null null, Lexington, KY 40515", "dues_roads_dev": "5525.50", "dues_roads_own": "5.00", "dues_sewer_trans_dev": "1396.36", "dues_sewer_trans_own": "0.00", "dues_sewer_cap_dev": "1369.07", "dues_sewer_cap_own": "0.00", "dues_parks_dev": "1724.97", "dues_parks_own": "0.00", "dues_storm_dev": "1654.28", "dues_storm_own": "0.00", "dues_open_space_dev": "571.43", "dues_open_space_own": "0.00", "plat": 1, "created_by": 2, "modified_by": 2, "history_date": "2017-07-21T14:52:29.016Z", "history_change_reason": null, "history_user": 2, "history_type": "~"}}, {"model": "plats.historicallot", "pk": 5, "fields": {"id": 2, "is_approved": false, "is_active": true, "parcel_id": null, "date_created": "2017-07-21", "date_modified": "2017-07-21", "lot_number": "78923", "permit_id": null, "latitude": null, "longitude": null, "address_number": 432, "address_direction": null, "address_street": "Apian Way", "address_suffix": null, "address_unit": null, "address_city": "Lexington", "address_state": "KY", "address_zip": "40515", "address_full": "432 null Apian Way null null, Lexington, KY 40515", "dues_roads_dev": "5525.00", "dues_roads_own": "5.00", "dues_sewer_trans_dev": "1396.36", "dues_sewer_trans_own": "0.00", "dues_sewer_cap_dev": "1369.07", "dues_sewer_cap_own": "0.00", "dues_parks_dev": "1724.97", "dues_parks_own": "0.00", "dues_storm_dev": "1654.28", "dues_storm_own": "0.00", "dues_open_space_dev": "571.43", "dues_open_space_own": "0.00", "plat": 1, "created_by": 3, "modified_by": 3, "history_date": "2017-07-21T14:53:13.115Z", "history_change_reason": null, "history_user": 3, "history_type": "~"}}, {"model": "plats.historicallot", "pk": 6, "fields": {"id": 3, "is_approved": false, "is_active": true, "parcel_id": null, "date_created": "2017-07-21", "date_modified": "2017-07-21", "lot_number": "7894", "permit_id": null, "latitude": null, "longitude": null, "address_number": 123, "address_direction": null, "address_street": "State St", "address_suffix": null, "address_unit": null, "address_city": "Lexington", "address_state": "KY", "address_zip": "40509", "address_full": "123 null State St null null, undefined, undefined 40509", "dues_roads_dev": "0.00", "dues_roads_own": "0.00", "dues_sewer_trans_dev": "0.00", "dues_sewer_trans_own": "0.00", "dues_sewer_cap_dev": "0.00", "dues_sewer_cap_own": "0.00", "dues_parks_dev": "0.00", "dues_parks_own": "0.00", "dues_storm_dev": "0.00", "dues_storm_own": "0.00", "dues_open_space_dev": "0.00", "dues_open_space_own": "0.00", "plat": 5, "created_by": 1, "modified_by": 1, "history_date": "2017-07-21T15:47:50.698Z", "history_change_reason": null, "history_user": 1, "history_type": "+"}}, {"model": "plats.historicallot", "pk": 7, "fields": {"id": 3, "is_approved": false, "is_active": true, "parcel_id": null, "date_created": "2017-07-21", "date_modified": "2017-07-21", "lot_number": "7894", "permit_id": null, "latitude": null, "longitude": null, "address_number": 123, "address_direction": null, "address_street": "State St", "address_suffix": null, "address_unit": null, "address_city": "Lexington", "address_state": "KY", "address_zip": "40509", "address_full": "123 null State St null null, undefined, undefined 40509", "dues_roads_dev": "0.00", "dues_roads_own": "0.00", "dues_sewer_trans_dev": "0.00", "dues_sewer_trans_own": "0.00", "dues_sewer_cap_dev": "0.00", "dues_sewer_cap_own": "0.00", "dues_parks_dev": "0.00", "dues_parks_own": "0.00", "dues_storm_dev": "0.00", "dues_storm_own": "0.00", "dues_open_space_dev": "0.00", "dues_open_space_own": "0.00", "plat": 5, "created_by": 1, "modified_by": 1, "history_date": "2017-07-21T15:47:56.746Z", "history_change_reason": null, "history_user": 1, "history_type": "~"}}, {"model": "plats.historicallot", "pk": 8, "fields": {"id": 4, "is_approved": false, "is_active": true, "parcel_id": null, "date_created": "2017-07-21", "date_modified": "2017-07-21", "lot_number": "2289324", "permit_id": null, "latitude": null, "longitude": null, "address_number": 432, "address_direction": null, "address_street": "First Descent Way", "address_suffix": null, "address_unit": null, "address_city": "Lexington", "address_state": "KY", "address_zip": "40516", "address_full": "432 undefined First Descent Way undefined undefined, Lexington, KY 40516", "dues_roads_dev": "5525.46", "dues_roads_own": "0.00", "dues_sewer_trans_dev": "1396.36", "dues_sewer_trans_own": "0.00", "dues_sewer_cap_dev": "1369.07", "dues_sewer_cap_own": "0.00", "dues_parks_dev": "1724.97", "dues_parks_own": "0.00", "dues_storm_dev": "1654.28", "dues_storm_own": "0.00", "dues_open_space_dev": "571.43", "dues_open_space_own": "0.00", "plat": 1, "created_by": 1, "modified_by": 1, "history_date": "2017-07-21T15:53:16.024Z", "history_change_reason": null, "history_user": 1, "history_type": "+"}}, {"model": "plats.historicallot", "pk": 9, "fields": {"id": 5, "is_approved": false, "is_active": true, "parcel_id": null, "date_created": "2017-07-21", "date_modified": "2017-07-21", "lot_number": "478923489", "permit_id": null, "latitude": null, "longitude": null, "address_number": 222, "address_direction": null, "address_street": "Second Street", "address_suffix": null, "address_unit": null, "address_city": "Lexington", "address_state": "KY", "address_zip": "40515", "address_full": "222  Second Street  , Lexington, KY 40511", "dues_roads_dev": "0.00", "dues_roads_own": "0.00", "dues_sewer_trans_dev": "0.00", "dues_sewer_trans_own": "0.00", "dues_sewer_cap_dev": "0.00", "dues_sewer_cap_own": "0.00", "dues_parks_dev": "0.00", "dues_parks_own": "0.00", "dues_storm_dev": "0.00", "dues_storm_own": "0.00", "dues_open_space_dev": "0.00", "dues_open_space_own": "0.00", "plat": 3, "created_by": 1, "modified_by": 1, "history_date": "2017-07-21T15:55:09.683Z", "history_change_reason": null, "history_user": 1, "history_type": "+"}}, {"model": "plats.historicallot", "pk": 10, "fields": {"id": 1, "is_approved": false, "is_active": true, "parcel_id": null, "date_created": "2017-07-21", "date_modified": "2017-07-24", "lot_number": "784932789", "permit_id": null, "latitude": null, "longitude": null, "address_number": 123, "address_direction": null, "address_street": "Fuzzy Bunny Slippers Way", "address_suffix": null, "address_unit": null, "address_city": "Lexington", "address_state": "KY", "address_zip": "40516", "address_full": "123 null Fuzzy Bunny Slippers Way null null, Lexington, KY 40516", "dues_roads_dev": "0.00", "dues_roads_own": "0.00", "dues_sewer_trans_dev": "0.00", "dues_sewer_trans_own": "0.00", "dues_sewer_cap_dev": "0.00", "dues_sewer_cap_own": "0.00", "dues_parks_dev": "0.00", "dues_parks_own": "0.00", "dues_storm_dev": "0.00", "dues_storm_own": "0.00", "dues_open_space_dev": "0.00", "dues_open_space_own": "0.00", "plat": 4, "created_by": 1, "modified_by": 1, "history_date": "2017-07-24T17:12:32.843Z", "history_change_reason": null, "history_user": 1, "history_type": "~"}}, {"model": "plats.historicallot", "pk": 11, "fields": {"id": 6, "is_approved": false, "is_active": true, "parcel_id": null, "date_created": "2017-07-24", "date_modified": "2017-07-24", "lot_number": "429", "permit_id": null, "latitude": null, "longitude": null, "address_number": 123, "address_direction": null, "address_street": "Surf St", "address_suffix": null, "address_unit": null, "address_city": "Lexington", "address_state": "KY", "address_zip": "40511", "address_full": "123  Surf St  , Lexington, KY 40511", "dues_roads_dev": "18774.88", "dues_roads_own": "0.00", "dues_sewer_trans_dev": "4438.02", "dues_sewer_trans_own": "0.00", "dues_sewer_cap_dev": "4737.49", "dues_sewer_cap_own": "0.00", "dues_parks_dev": "0.00", "dues_parks_own": "0.00", "dues_storm_dev": "0.00", "dues_storm_own": "0.00", "dues_open_space_dev": "416.67", "dues_open_space_own": "0.00", "plat": 24, "created_by": 1, "modified_by": 1, "history_date": "2017-07-24T21:28:45.930Z", "history_change_reason": null, "history_user": 1, "history_type": "+"}}, {"model": "plats.historicallot", "pk": 12, "fields": {"id": 6, "is_approved": false, "is_active": true, "parcel_id": null, "date_created": "2017-07-24", "date_modified": "2017-07-24", "lot_number": "429", "permit_id": null, "latitude": null, "longitude": null, "address_number": 123, "address_direction": null, "address_street": "Surf St", "address_suffix": null, "address_unit": null, "address_city": "Lexington", "address_state": "KY", "address_zip": "40511", "address_full": "123  Surf St  , Lexington, KY 40511", "dues_roads_dev": "18774.88", "dues_roads_own": "0.00", "dues_sewer_trans_dev": "4438.02", "dues_sewer_trans_own": "0.00", "dues_sewer_cap_dev": "4737.49", "dues_sewer_cap_own": "0.00", "dues_parks_dev": "0.00", "dues_parks_own": "0.00", "dues_storm_dev": "0.00", "dues_storm_own": "0.00", "dues_open_space_dev": "416.67", "dues_open_space_own": "0.00", "plat": 24, "created_by": 1, "modified_by": 1, "history_date": "2017-07-24T21:28:49.307Z", "history_change_reason": null, "history_user": 1, "history_type": "~"}}, {"model": "plats.historicallot", "pk": 13, "fields": {"id": 7, "is_approved": false, "is_active": true, "parcel_id": null, "date_created": "2017-07-25", "date_modified": "2017-07-25", "lot_number": "543264", "permit_id": null, "latitude": null, "longitude": null, "address_number": 123, "address_direction": null, "address_street": "State St", "address_suffix": null, "address_unit": null, "address_city": "Lexington", "address_state": "KY", "address_zip": "40515", "address_full": "123  State St  , Lexington, KY 40505", "dues_roads_dev": "0.00", "dues_roads_own": "0.00", "dues_sewer_trans_dev": "0.00", "dues_sewer_trans_own": "0.00", "dues_sewer_cap_dev": "0.00", "dues_sewer_cap_own": "0.00", "dues_parks_dev": "0.00", "dues_parks_own": "0.00", "dues_storm_dev": "0.00", "dues_storm_own": "0.00", "dues_open_space_dev": "0.00", "dues_open_space_own": "0.00", "plat": 3, "created_by": 1, "modified_by": 1, "history_date": "2017-07-25T13:44:35.804Z", "history_change_reason": null, "history_user": 1, "history_type": "+"}}, {"model": "plats.historicallot", "pk": 14, "fields": {"id": 8, "is_approved": false, "is_active": true, "parcel_id": null, "date_created": "2017-07-25", "date_modified": "2017-07-25", "lot_number": "6426263", "permit_id": null, "latitude": null, "longitude": null, "address_number": 125, "address_direction": null, "address_street": "State St", "address_suffix": null, "address_unit": null, "address_city": "Lexington", "address_state": "KY", "address_zip": "40515", "address_full": "125  State St  , Lexington, KY 40505", "dues_roads_dev": "0.00", "dues_roads_own": "0.00", "dues_sewer_trans_dev": "0.00", "dues_sewer_trans_own": "0.00", "dues_sewer_cap_dev": "0.00", "dues_sewer_cap_own": "0.00", "dues_parks_dev": "0.00", "dues_parks_own": "0.00", "dues_storm_dev": "0.00", "dues_storm_own": "0.00", "dues_open_space_dev": "0.00", "dues_open_space_own": "0.00", "plat": 3, "created_by": 1, "modified_by": 1, "history_date": "2017-07-25T13:44:55.875Z", "history_change_reason": null, "history_user": 1, "history_type": "+"}}, {"model": "plats.historicallot", "pk": 15, "fields": {"id": 9, "is_approved": false, "is_active": true, "parcel_id": null, "date_created": "2017-07-25", "date_modified": "2017-07-25", "lot_number": "6236134", "permit_id": null, "latitude": null, "longitude": null, "address_number": 127, "address_direction": null, "address_street": "State St", "address_suffix": null, "address_unit": null, "address_city": "Lexington", "address_state": "KY", "address_zip": "40515", "address_full": "127  State St  , Lexington, KY 40505", "dues_roads_dev": "0.00", "dues_roads_own": "0.00", "dues_sewer_trans_dev": "0.00", "dues_sewer_trans_own": "0.00", "dues_sewer_cap_dev": "0.00", "dues_sewer_cap_own": "0.00", "dues_parks_dev": "0.00", "dues_parks_own": "0.00", "dues_storm_dev": "0.00", "dues_storm_own": "0.00", "dues_open_space_dev": "0.00", "dues_open_space_own": "0.00", "plat": 3, "created_by": 1, "modified_by": 1, "history_date": "2017-07-25T13:45:16.189Z", "history_change_reason": null, "history_user": 1, "history_type": "+"}}, {"model": "plats.historicallot", "pk": 16, "fields": {"id": 10, "is_approved": false, "is_active": true, "parcel_id": null, "date_created": "2017-07-25", "date_modified": "2017-07-25", "lot_number": "43124312", "permit_id": null, "latitude": null, "longitude": null, "address_number": 131, "address_direction": null, "address_street": "State St", "address_suffix": null, "address_unit": null, "address_city": "Lexington", "address_state": "KY", "address_zip": "40515", "address_full": "131  State St  , Lexington, KY 40505", "dues_roads_dev": "0.00", "dues_roads_own": "0.00", "dues_sewer_trans_dev": "0.00", "dues_sewer_trans_own": "0.00", "dues_sewer_cap_dev": "0.00", "dues_sewer_cap_own": "0.00", "dues_parks_dev": "0.00", "dues_parks_own": "0.00", "dues_storm_dev": "0.00", "dues_storm_own": "0.00", "dues_open_space_dev": "0.00", "dues_open_space_own": "0.00", "plat": 3, "created_by": 1, "modified_by": 1, "history_date": "2017-07-25T13:45:34.231Z", "history_change_reason": null, "history_user": 1, "history_type": "+"}}, {"model": "plats.lot", "pk": 1, "fields": {"is_approved": false, "is_active": true, "plat": 4, "parcel_id": null, "date_created": "2017-07-21", "date_modified": "2017-07-24", "created_by": 1, "modified_by": 1, "lot_number": "784932789", "permit_id": null, "latitude": null, "longitude": null, "address_number": 123, "address_direction": null, "address_street": "Fuzzy Bunny Slippers Way", "address_suffix": null, "address_unit": null, "address_city": "Lexington", "address_state": "KY", "address_zip": "40516", "address_full": "123 null Fuzzy Bunny Slippers Way null null, Lexington, KY 40516", "dues_roads_dev": "0.00", "dues_roads_own": "0.00", "dues_sewer_trans_dev": "0.00", "dues_sewer_trans_own": "0.00", "dues_sewer_cap_dev": "0.00", "dues_sewer_cap_own": "0.00", "dues_parks_dev": "0.00", "dues_parks_own": "0.00", "dues_storm_dev": "0.00", "dues_storm_own": "0.00", "dues_open_space_dev": "0.00", "dues_open_space_own": "0.00"}}, {"model": "plats.lot", "pk": 2, "fields": {"is_approved": false, "is_active": true, "plat": 1, "parcel_id": null, "date_created": "2017-07-21", "date_modified": "2017-07-21", "created_by": 3, "modified_by": 3, "lot_number": "78923", "permit_id": null, "latitude": null, "longitude": null, "address_number": 432, "address_direction": null, "address_street": "Apian Way", "address_suffix": null, "address_unit": null, "address_city": "Lexington", "address_state": "KY", "address_zip": "40515", "address_full": "432 null Apian Way null null, Lexington, KY 40515", "dues_roads_dev": "5525.00", "dues_roads_own": "5.00", "dues_sewer_trans_dev": "1396.36", "dues_sewer_trans_own": "0.00", "dues_sewer_cap_dev": "1369.07", "dues_sewer_cap_own": "0.00", "dues_parks_dev": "1724.97", "dues_parks_own": "0.00", "dues_storm_dev": "1654.28", "dues_storm_own": "0.00", "dues_open_space_dev": "571.43", "dues_open_space_own": "0.00"}}, {"model": "plats.lot", "pk": 3, "fields": {"is_approved": false, "is_active": true, "plat": 5, "parcel_id": null, "date_created": "2017-07-21", "date_modified": "2017-07-21", "created_by": 1, "modified_by": 1, "lot_number": "7894", "permit_id": null, "latitude": null, "longitude": null, "address_number": 123, "address_direction": null, "address_street": "State St", "address_suffix": null, "address_unit": null, "address_city": "Lexington", "address_state": "KY", "address_zip": "40509", "address_full": "123 null State St null null, undefined, undefined 40509", "dues_roads_dev": "0.00", "dues_roads_own": "0.00", "dues_sewer_trans_dev": "0.00", "dues_sewer_trans_own": "0.00", "dues_sewer_cap_dev": "0.00", "dues_sewer_cap_own": "0.00", "dues_parks_dev": "0.00", "dues_parks_own": "0.00", "dues_storm_dev": "0.00", "dues_storm_own": "0.00", "dues_open_space_dev": "0.00", "dues_open_space_own": "0.00"}}, {"model": "plats.lot", "pk": 4, "fields": {"is_approved": false, "is_active": true, "plat": 1, "parcel_id": null, "date_created": "2017-07-21", "date_modified": "2017-07-21", "created_by": 1, "modified_by": 1, "lot_number": "2289324", "permit_id": null, "latitude": null, "longitude": null, "address_number": 432, "address_direction": null, "address_street": "First Descent Way", "address_suffix": null, "address_unit": null, "address_city": "Lexington", "address_state": "KY", "address_zip": "40516", "address_full": "432 undefined First Descent Way undefined undefined, Lexington, KY 40516", "dues_roads_dev": "5525.46", "dues_roads_own": "0.00", "dues_sewer_trans_dev": "1396.36", "dues_sewer_trans_own": "0.00", "dues_sewer_cap_dev": "1369.07", "dues_sewer_cap_own": "0.00", "dues_parks_dev": "1724.97", "dues_parks_own": "0.00", "dues_storm_dev": "1654.28", "dues_storm_own": "0.00", "dues_open_space_dev": "571.43", "dues_open_space_own": "0.00"}}, {"model": "plats.lot", "pk": 5, "fields": {"is_approved": false, "is_active": true, "plat": 3, "parcel_id": null, "date_created": "2017-07-21", "date_modified": "2017-07-21", "created_by": 1, "modified_by": 1, "lot_number": "478923489", "permit_id": null, "latitude": null, "longitude": null, "address_number": 222, "address_direction": null, "address_street": "Second Street", "address_suffix": null, "address_unit": null, "address_city": "Lexington", "address_state": "KY", "address_zip": "40515", "address_full": "222  Second Street  , Lexington, KY 40511", "dues_roads_dev": "0.00", "dues_roads_own": "0.00", "dues_sewer_trans_dev": "0.00", "dues_sewer_trans_own": "0.00", "dues_sewer_cap_dev": "0.00", "dues_sewer_cap_own": "0.00", "dues_parks_dev": "0.00", "dues_parks_own": "0.00", "dues_storm_dev": "0.00", "dues_storm_own": "0.00", "dues_open_space_dev": "0.00", "dues_open_space_own": "0.00"}}, {"model": "plats.lot", "pk": 6, "fields": {"is_approved": false, "is_active": true, "plat": 24, "parcel_id": null, "date_created": "2017-07-24", "date_modified": "2017-07-24", "created_by": 1, "modified_by": 1, "lot_number": "429", "permit_id": null, "latitude": null, "longitude": null, "address_number": 123, "address_direction": null, "address_street": "Surf St", "address_suffix": null, "address_unit": null, "address_city": "Lexington", "address_state": "KY", "address_zip": "40511", "address_full": "123  Surf St  , Lexington, KY 40511", "dues_roads_dev": "18774.88", "dues_roads_own": "0.00", "dues_sewer_trans_dev": "4438.02", "dues_sewer_trans_own": "0.00", "dues_sewer_cap_dev": "4737.49", "dues_sewer_cap_own": "0.00", "dues_parks_dev": "0.00", "dues_parks_own": "0.00", "dues_storm_dev": "0.00", "dues_storm_own": "0.00", "dues_open_space_dev": "416.67", "dues_open_space_own": "0.00"}}, {"model": "plats.lot", "pk": 7, "fields": {"is_approved": false, "is_active": true, "plat": 3, "parcel_id": null, "date_created": "2017-07-25", "date_modified": "2017-07-25", "created_by": 1, "modified_by": 1, "lot_number": "543264", "permit_id": null, "latitude": null, "longitude": null, "address_number": 123, "address_direction": null, "address_street": "State St", "address_suffix": null, "address_unit": null, "address_city": "Lexington", "address_state": "KY", "address_zip": "40515", "address_full": "123  State St  , Lexington, KY 40505", "dues_roads_dev": "0.00", "dues_roads_own": "0.00", "dues_sewer_trans_dev": "0.00", "dues_sewer_trans_own": "0.00", "dues_sewer_cap_dev": "0.00", "dues_sewer_cap_own": "0.00", "dues_parks_dev": "0.00", "dues_parks_own": "0.00", "dues_storm_dev": "0.00", "dues_storm_own": "0.00", "dues_open_space_dev": "0.00", "dues_open_space_own": "0.00"}}, {"model": "plats.lot", "pk": 8, "fields": {"is_approved": false, "is_active": true, "plat": 3, "parcel_id": null, "date_created": "2017-07-25", "date_modified": "2017-07-25", "created_by": 1, "modified_by": 1, "lot_number": "6426263", "permit_id": null, "latitude": null, "longitude": null, "address_number": 125, "address_direction": null, "address_street": "State St", "address_suffix": null, "address_unit": null, "address_city": "Lexington", "address_state": "KY", "address_zip": "40515", "address_full": "125  State St  , Lexington, KY 40505", "dues_roads_dev": "0.00", "dues_roads_own": "0.00", "dues_sewer_trans_dev": "0.00", "dues_sewer_trans_own": "0.00", "dues_sewer_cap_dev": "0.00", "dues_sewer_cap_own": "0.00", "dues_parks_dev": "0.00", "dues_parks_own": "0.00", "dues_storm_dev": "0.00", "dues_storm_own": "0.00", "dues_open_space_dev": "0.00", "dues_open_space_own": "0.00"}}, {"model": "plats.lot", "pk": 9, "fields": {"is_approved": false, "is_active": true, "plat": 3, "parcel_id": null, "date_created": "2017-07-25", "date_modified": "2017-07-25", "created_by": 1, "modified_by": 1, "lot_number": "6236134", "permit_id": null, "latitude": null, "longitude": null, "address_number": 127, "address_direction": null, "address_street": "State St", "address_suffix": null, "address_unit": null, "address_city": "Lexington", "address_state": "KY", "address_zip": "40515", "address_full": "127  State St  , Lexington, KY 40505", "dues_roads_dev": "0.00", "dues_roads_own": "0.00", "dues_sewer_trans_dev": "0.00", "dues_sewer_trans_own": "0.00", "dues_sewer_cap_dev": "0.00", "dues_sewer_cap_own": "0.00", "dues_parks_dev": "0.00", "dues_parks_own": "0.00", "dues_storm_dev": "0.00", "dues_storm_own": "0.00", "dues_open_space_dev": "0.00", "dues_open_space_own": "0.00"}}, {"model": "plats.lot", "pk": 10, "fields": {"is_approved": false, "is_active": true, "plat": 3, "parcel_id": null, "date_created": "2017-07-25", "date_modified": "2017-07-25", "created_by": 1, "modified_by": 1, "lot_number": "43124312", "permit_id": null, "latitude": null, "longitude": null, "address_number": 131, "address_direction": null, "address_street": "State St", "address_suffix": null, "address_unit": null, "address_city": "Lexington", "address_state": "KY", "address_zip": "40515", "address_full": "131  State St  , Lexington, KY 40505", "dues_roads_dev": "0.00", "dues_roads_own": "0.00", "dues_sewer_trans_dev": "0.00", "dues_sewer_trans_own": "0.00", "dues_sewer_cap_dev": "0.00", "dues_sewer_cap_own": "0.00", "dues_parks_dev": "0.00", "dues_parks_own": "0.00", "dues_storm_dev": "0.00", "dues_storm_own": "0.00", "dues_open_space_dev": "0.00", "dues_open_space_own": "0.00"}}, {"model": "plats.historicalplatzone", "pk": 1, "fields": {"id": 1, "is_active": true, "date_created": "2017-07-21", "date_modified": "2017-07-21", "zone": "EAR-1", "acres": "23.00", "dues_roads": "174431.31", "dues_open_spaces": "23000.00", "dues_sewer_cap": "47876.57", "dues_sewer_trans": "56249.26", "dues_parks": "54455.03", "dues_storm_water": "116946.26", "plat": 2, "created_by": 1, "modified_by": 1, "history_date": "2017-07-21T12:43:51.691Z", "history_change_reason": null, "history_user": 1, "history_type": "+"}}, {"model": "plats.historicalplatzone", "pk": 2, "fields": {"id": 2, "is_active": true, "date_created": "2017-07-21", "date_modified": "2017-07-21", "zone": "EAR-3", "acres": "19.00", "dues_roads": "0.00", "dues_open_spaces": "0.00", "dues_sewer_cap": "0.00", "dues_sewer_trans": "0.00", "dues_parks": "0.00", "dues_storm_water": "0.00", "plat": 2, "created_by": 1, "modified_by": 1, "history_date": "2017-07-21T12:44:16.843Z", "history_change_reason": null, "history_user": 1, "history_type": "+"}}, {"model": "plats.historicalplatzone", "pk": 3, "fields": {"id": 3, "is_active": true, "date_created": "2017-07-21", "date_modified": "2017-07-21", "zone": "EAR1-SRA", "acres": "12.00", "dues_roads": "27302.28", "dues_open_spaces": "12000.00", "dues_sewer_cap": "7493.76", "dues_sewer_trans": "7643.04", "dues_parks": "8523.36", "dues_storm_water": "8421.72", "plat": 1, "created_by": 1, "modified_by": 1, "history_date": "2017-07-21T12:45:11.976Z", "history_change_reason": null, "history_user": 1, "history_type": "+"}}, {"model": "plats.historicalplatzone", "pk": 4, "fields": {"id": 4, "is_active": true, "date_created": "2017-07-21", "date_modified": "2017-07-21", "zone": "EAR-2", "acres": "12.00", "dues_roads": "204767.16", "dues_open_spaces": "12000.00", "dues_sewer_cap": "50007.36", "dues_sewer_trans": "51003.96", "dues_parks": "63925.56", "dues_storm_water": "61057.92", "plat": 1, "created_by": 1, "modified_by": 1, "history_date": "2017-07-21T12:45:28.630Z", "history_change_reason": null, "history_user": 1, "history_type": "+"}}, {"model": "plats.historicalplatzone", "pk": 5, "fields": {"id": 5, "is_active": true, "date_created": "2017-07-24", "date_modified": "2017-07-24", "zone": "EAR-2", "acres": "13.00", "dues_roads": "68166.67", "dues_open_spaces": "13000.00", "dues_sewer_cap": "54174.64", "dues_sewer_trans": "115046.49", "dues_parks": "42801.72", "dues_storm_water": "130892.06", "plat": 10, "created_by": 1, "modified_by": 1, "history_date": "2017-07-24T18:53:32.210Z", "history_change_reason": null, "history_user": 1, "history_type": "+"}}, {"model": "plats.historicalplatzone", "pk": 6, "fields": {"id": 6, "is_active": true, "date_created": "2017-07-24", "date_modified": "2017-07-24", "zone": "EAR-2", "acres": "3.00", "dues_roads": "15730.77", "dues_open_spaces": "3000.00", "dues_sewer_cap": "12501.84", "dues_sewer_trans": "26549.19", "dues_parks": "9877.32", "dues_storm_water": "30205.86", "plat": 11, "created_by": 1, "modified_by": 1, "history_date": "2017-07-24T19:01:17.124Z", "history_change_reason": null, "history_user": 1, "history_type": "+"}}, {"model": "plats.historicalplatzone", "pk": 7, "fields": {"id": 7, "is_active": true, "date_created": "2017-07-24", "date_modified": "2017-07-24", "zone": "EAR-2", "acres": "8.00", "dues_roads": "41948.72", "dues_open_spaces": "8000.00", "dues_sewer_cap": "33338.24", "dues_sewer_trans": "70797.84", "dues_parks": "26339.52", "dues_storm_water": "80548.96", "plat": 11, "created_by": 1, "modified_by": 1, "history_date": "2017-07-24T19:08:38.052Z", "history_change_reason": null, "history_user": 1, "history_type": "+"}}, {"model": "plats.historicalplatzone", "pk": 8, "fields": {"id": 8, "is_active": true, "date_created": "2017-07-24", "date_modified": "2017-07-24", "zone": "CC(RES)", "acres": "9.00", "dues_roads": "88092.36", "dues_open_spaces": "9000.00", "dues_sewer_cap": "80542.89", "dues_sewer_trans": "171042.57", "dues_parks": "79018.47", "dues_storm_water": "221856.84", "plat": 11, "created_by": 1, "modified_by": 1, "history_date": "2017-07-24T19:09:22.596Z", "history_change_reason": null, "history_user": 1, "history_type": "+"}}, {"model": "plats.historicalplatzone", "pk": 9, "fields": {"id": 9, "is_active": true, "date_created": "2017-07-24", "date_modified": "2017-07-24", "zone": "EAR-1", "acres": "1.00", "dues_roads": "2330.49", "dues_open_spaces": "1000.00", "dues_sewer_cap": "2081.59", "dues_sewer_trans": "4420.51", "dues_parks": "1463.31", "dues_storm_water": "6943.87", "plat": 11, "created_by": 1, "modified_by": 1, "history_date": "2017-07-24T19:11:07.918Z", "history_change_reason": null, "history_user": 1, "history_type": "+"}}, {"model": "plats.historicalplatzone", "pk": 10, "fields": {"id": 10, "is_active": true, "date_created": "2017-07-24", "date_modified": "2017-07-24", "zone": "EAR-1", "acres": "8.00", "dues_roads": "60671.76", "dues_open_spaces": "8000.00", "dues_sewer_cap": "16652.72", "dues_sewer_trans": "16984.64", "dues_parks": "18940.88", "dues_storm_water": "28072.56", "plat": 12, "created_by": 1, "modified_by": 1, "history_date": "2017-07-24T19:25:49.729Z", "history_change_reason": null, "history_user": 1, "history_type": "+"}}, {"model": "plats.historicalplatzone", "pk": 11, "fields": {"id": 11, "is_active": true, "date_created": "2017-07-24", "date_modified": "2017-07-24", "zone": "CC(RES)", "acres": "4.00", "dues_roads": "127410.64", "dues_open_spaces": "4000.00", "dues_sewer_cap": "35796.84", "dues_sewer_trans": "36510.24", "dues_parks": "56822.72", "dues_storm_water": "49828.84", "plat": 13, "created_by": 1, "modified_by": 1, "history_date": "2017-07-24T20:24:21.012Z", "history_change_reason": null, "history_user": 1, "history_type": "+"}}, {"model": "plats.historicalplatzone", "pk": 12, "fields": {"id": 12, "is_active": true, "date_created": "2017-07-24", "date_modified": "2017-07-24", "zone": "EAR-2", "acres": "4.00", "dues_roads": "20974.36", "dues_open_spaces": "4000.00", "dues_sewer_cap": "16669.12", "dues_sewer_trans": "35398.92", "dues_parks": "13169.76", "dues_storm_water": "40274.48", "plat": 14, "created_by": 1, "modified_by": 1, "history_date": "2017-07-24T20:28:39.203Z", "history_change_reason": null, "history_user": 1, "history_type": "+"}}, {"model": "plats.historicalplatzone", "pk": 13, "fields": {"id": 13, "is_active": true, "date_created": "2017-07-24", "date_modified": "2017-07-24", "zone": "EAR-1", "acres": "20.00", "dues_roads": "0.00", "dues_open_spaces": "20000.00", "dues_sewer_cap": "41631.80", "dues_sewer_trans": "158887.00", "dues_parks": "0.00", "dues_storm_water": "0.00", "plat": 20, "created_by": 1, "modified_by": 1, "history_date": "2017-07-24T20:49:46.635Z", "history_change_reason": null, "history_user": 1, "history_type": "+"}}, {"model": "plats.historicalplatzone", "pk": 14, "fields": {"id": 14, "is_active": true, "date_created": "2017-07-24", "date_modified": "2017-07-24", "zone": "CC(RES)", "acres": "8.00", "dues_roads": "78304.32", "dues_open_spaces": "8000.00", "dues_sewer_cap": "71593.68", "dues_sewer_trans": "152037.84", "dues_parks": "70238.64", "dues_storm_water": "197206.08", "plat": 19, "created_by": 1, "modified_by": 1, "history_date": "2017-07-24T20:52:27.111Z", "history_change_reason": null, "history_user": 1, "history_type": "+"}}, {"model": "plats.historicalplatzone", "pk": 15, "fields": {"id": 15, "is_active": true, "date_created": "2017-07-24", "date_modified": "2017-07-24", "zone": "EAR-3", "acres": "5.00", "dues_roads": "159263.30", "dues_open_spaces": "5000.00", "dues_sewer_cap": "44746.05", "dues_sewer_trans": "45637.80", "dues_parks": "71028.40", "dues_storm_water": "62286.05", "plat": 18, "created_by": 1, "modified_by": 1, "history_date": "2017-07-24T20:57:27.327Z", "history_change_reason": null, "history_user": 1, "history_type": "+"}}, {"model": "plats.historicalplatzone", "pk": 16, "fields": {"id": 16, "is_active": true, "date_created": "2017-07-24", "date_modified": "2017-07-24", "zone": "EAR1-SRA", "acres": "7.00", "dues_roads": "15926.33", "dues_open_spaces": "7000.00", "dues_sewer_cap": "4371.36", "dues_sewer_trans": "4458.44", "dues_parks": "4971.96", "dues_storm_water": "4912.67", "plat": 18, "created_by": 1, "modified_by": 1, "history_date": "2017-07-24T20:59:40.720Z", "history_change_reason": null, "history_user": 1, "history_type": "+"}}, {"model": "plats.historicalplatzone", "pk": 17, "fields": {"id": 17, "is_active": true, "date_created": "2017-07-24", "date_modified": "2017-07-24", "zone": "ED", "acres": "1.00", "dues_roads": "40295.37", "dues_open_spaces": "1000.00", "dues_sewer_cap": "13494.03", "dues_sewer_trans": "13762.96", "dues_parks": "0.00", "dues_storm_water": "12457.21", "plat": 18, "created_by": 1, "modified_by": 1, "history_date": "2017-07-24T21:00:02.949Z", "history_change_reason": null, "history_user": 1, "history_type": "+"}}, {"model": "plats.historicalplatzone", "pk": 18, "fields": {"id": 18, "is_active": true, "date_created": "2017-07-24", "date_modified": "2017-07-24", "zone": "EAR-1", "acres": "1.00", "dues_roads": "7583.97", "dues_open_spaces": "1000.00", "dues_sewer_cap": "2081.59", "dues_sewer_trans": "2123.08", "dues_parks": "2367.61", "dues_storm_water": "3509.07", "plat": 18, "created_by": 1, "modified_by": 1, "history_date": "2017-07-24T21:01:21.869Z", "history_change_reason": null, "history_user": 1, "history_type": "+"}}, {"model": "plats.historicalplatzone", "pk": 19, "fields": {"id": 19, "is_active": true, "date_created": "2017-07-24", "date_modified": "2017-07-24", "zone": "EAR-2", "acres": "1.00", "dues_roads": "17063.93", "dues_open_spaces": "1000.00", "dues_sewer_cap": "4167.28", "dues_sewer_trans": "4250.33", "dues_parks": "5327.13", "dues_storm_water": "5088.16", "plat": 18, "created_by": 1, "modified_by": 1, "history_date": "2017-07-24T21:02:08.588Z", "history_change_reason": null, "history_user": 1, "history_type": "+"}}, {"model": "plats.historicalplatzone", "pk": 20, "fields": {"id": 20, "is_active": true, "date_created": "2017-07-24", "date_modified": "2017-07-24", "zone": "CC(RES)", "acres": "1.00", "dues_roads": "31852.66", "dues_open_spaces": "1000.00", "dues_sewer_cap": "8949.21", "dues_sewer_trans": "9127.56", "dues_parks": "14205.68", "dues_storm_water": "12457.21", "plat": 18, "created_by": 1, "modified_by": 1, "history_date": "2017-07-24T21:12:36.232Z", "history_change_reason": null, "history_user": 1, "history_type": "+"}}, {"model": "plats.historicalplatzone", "pk": 21, "fields": {"id": 21, "is_active": true, "date_created": "2017-07-24", "date_modified": "2017-07-24", "zone": "CC(NONR)", "acres": "1.00", "dues_roads": "144531.45", "dues_open_spaces": "1000.00", "dues_sewer_cap": "11369.97", "dues_sewer_trans": "11596.57", "dues_parks": "0.00", "dues_storm_water": "12457.21", "plat": 18, "created_by": 1, "modified_by": 1, "history_date": "2017-07-24T21:13:53.196Z", "history_change_reason": null, "history_user": 1, "history_type": "+"}}, {"model": "plats.historicalplatzone", "pk": 22, "fields": {"id": 22, "is_active": true, "date_created": "2017-07-24", "date_modified": "2017-07-24", "zone": "EAR-2", "acres": "1.00", "dues_roads": "17063.93", "dues_open_spaces": "1000.00", "dues_sewer_cap": "4167.28", "dues_sewer_trans": "4250.33", "dues_parks": "5327.13", "dues_storm_water": "5088.16", "plat": 18, "created_by": 1, "modified_by": 1, "history_date": "2017-07-24T21:17:59.223Z", "history_change_reason": null, "history_user": 1, "history_type": "+"}}, {"model": "plats.historicalplatzone", "pk": 23, "fields": {"id": 23, "is_active": true, "date_created": "2017-07-24", "date_modified": "2017-07-24", "zone": "ED", "acres": "1.00", "dues_roads": "40295.37", "dues_open_spaces": "1000.00", "dues_sewer_cap": "13494.03", "dues_sewer_trans": "13762.96", "dues_parks": "0.00", "dues_storm_water": "12457.21", "plat": 18, "created_by": 1, "modified_by": 1, "history_date": "2017-07-24T21:19:20.880Z", "history_change_reason": null, "history_user": 1, "history_type": "+"}}, {"model": "plats.historicalplatzone", "pk": 24, "fields": {"id": 24, "is_active": true, "date_created": "2017-07-24", "date_modified": "2017-07-24", "zone": "EAR1-SRA", "acres": "8.00", "dues_roads": "18201.52", "dues_open_spaces": "8000.00", "dues_sewer_cap": "4995.84", "dues_sewer_trans": "5095.36", "dues_parks": "5682.24", "dues_storm_water": "5614.48", "plat": 21, "created_by": 1, "modified_by": 1, "history_date": "2017-07-24T21:20:46.662Z", "history_change_reason": null, "history_user": 1, "history_type": "+"}}, {"model": "plats.historicalplatzone", "pk": 25, "fields": {"id": 25, "is_active": true, "date_created": "2017-07-24", "date_modified": "2017-07-24", "zone": "CC(RES)", "acres": "4.00", "dues_roads": "127410.64", "dues_open_spaces": "4000.00", "dues_sewer_cap": "35796.84", "dues_sewer_trans": "36510.24", "dues_parks": "56822.72", "dues_storm_water": "49828.84", "plat": 21, "created_by": 1, "modified_by": 1, "history_date": "2017-07-24T21:21:10.644Z", "history_change_reason": null, "history_user": 1, "history_type": "+"}}, {"model": "plats.historicalplatzone", "pk": 26, "fields": {"id": 26, "is_active": true, "date_created": "2017-07-24", "date_modified": "2017-07-24", "zone": "EAR-3", "acres": "12.00", "dues_roads": "0.00", "dues_open_spaces": "0.00", "dues_sewer_cap": "0.00", "dues_sewer_trans": "0.00", "dues_parks": "0.00", "dues_storm_water": "0.00", "plat": 22, "created_by": 1, "modified_by": 1, "history_date": "2017-07-24T21:24:36.825Z", "history_change_reason": null, "history_user": 1, "history_type": "+"}}, {"model": "plats.historicalplatzone", "pk": 27, "fields": {"id": 27, "is_active": true, "date_created": "2017-07-24", "date_modified": "2017-07-24", "zone": "EAR1-SRA", "acres": "12.00", "dues_roads": "0.00", "dues_open_spaces": "0.00", "dues_sewer_cap": "0.00", "dues_sewer_trans": "0.00", "dues_parks": "0.00", "dues_storm_water": "0.00", "plat": 23, "created_by": 1, "modified_by": 1, "history_date": "2017-07-24T21:26:14.736Z", "history_change_reason": null, "history_user": 1, "history_type": "+"}}, {"model": "plats.historicalplatzone", "pk": 28, "fields": {"id": 28, "is_active": true, "date_created": "2017-07-24", "date_modified": "2017-07-24", "zone": "CC(NONR)", "acres": "5.00", "dues_roads": "225298.60", "dues_open_spaces": "5000.00", "dues_sewer_cap": "56849.85", "dues_sewer_trans": "53256.30", "dues_parks": "0.00", "dues_storm_water": "0.00", "plat": 24, "created_by": 1, "modified_by": 1, "history_date": "2017-07-24T21:27:31.762Z", "history_change_reason": null, "history_user": 1, "history_type": "+"}}, {"model": "plats.platzone", "pk": 1, "fields": {"is_active": true, "plat": 2, "date_created": "2017-07-21", "date_modified": "2017-07-21", "created_by": 1, "modified_by": 1, "zone": "EAR-1", "acres": "23.00", "dues_roads": "174431.31", "dues_open_spaces": "23000.00", "dues_sewer_cap": "47876.57", "dues_sewer_trans": "56249.26", "dues_parks": "54455.03", "dues_storm_water": "116946.26"}}, {"model": "plats.platzone", "pk": 2, "fields": {"is_active": true, "plat": 2, "date_created": "2017-07-21", "date_modified": "2017-07-21", "created_by": 1, "modified_by": 1, "zone": "EAR-3", "acres": "19.00", "dues_roads": "0.00", "dues_open_spaces": "0.00", "dues_sewer_cap": "0.00", "dues_sewer_trans": "0.00", "dues_parks": "0.00", "dues_storm_water": "0.00"}}, {"model": "plats.platzone", "pk": 3, "fields": {"is_active": true, "plat": 1, "date_created": "2017-07-21", "date_modified": "2017-07-21", "created_by": 1, "modified_by": 1, "zone": "EAR1-SRA", "acres": "12.00", "dues_roads": "27302.28", "dues_open_spaces": "12000.00", "dues_sewer_cap": "7493.76", "dues_sewer_trans": "7643.04", "dues_parks": "8523.36", "dues_storm_water": "8421.72"}}, {"model": "plats.platzone", "pk": 4, "fields": {"is_active": true, "plat": 1, "date_created": "2017-07-21", "date_modified": "2017-07-21", "created_by": 1, "modified_by": 1, "zone": "EAR-2", "acres": "12.00", "dues_roads": "204767.16", "dues_open_spaces": "12000.00", "dues_sewer_cap": "50007.36", "dues_sewer_trans": "51003.96", "dues_parks": "63925.56", "dues_storm_water": "61057.92"}}, {"model": "plats.platzone", "pk": 5, "fields": {"is_active": true, "plat": 10, "date_created": "2017-07-24", "date_modified": "2017-07-24", "created_by": 1, "modified_by": 1, "zone": "EAR-2", "acres": "13.00", "dues_roads": "68166.67", "dues_open_spaces": "13000.00", "dues_sewer_cap": "54174.64", "dues_sewer_trans": "115046.49", "dues_parks": "42801.72", "dues_storm_water": "130892.06"}}, {"model": "plats.platzone", "pk": 6, "fields": {"is_active": true, "plat": 11, "date_created": "2017-07-24", "date_modified": "2017-07-24", "created_by": 1, "modified_by": 1, "zone": "EAR-2", "acres": "3.00", "dues_roads": "15730.77", "dues_open_spaces": "3000.00", "dues_sewer_cap": "12501.84", "dues_sewer_trans": "26549.19", "dues_parks": "9877.32", "dues_storm_water": "30205.86"}}, {"model": "plats.platzone", "pk": 7, "fields": {"is_active": true, "plat": 11, "date_created": "2017-07-24", "date_modified": "2017-07-24", "created_by": 1, "modified_by": 1, "zone": "EAR-2", "acres": "8.00", "dues_roads": "41948.72", "dues_open_spaces": "8000.00", "dues_sewer_cap": "33338.24", "dues_sewer_trans": "70797.84", "dues_parks": "26339.52", "dues_storm_water": "80548.96"}}, {"model": "plats.platzone", "pk": 8, "fields": {"is_active": true, "plat": 11, "date_created": "2017-07-24", "date_modified": "2017-07-24", "created_by": 1, "modified_by": 1, "zone": "CC(RES)", "acres": "9.00", "dues_roads": "88092.36", "dues_open_spaces": "9000.00", "dues_sewer_cap": "80542.89", "dues_sewer_trans": "171042.57", "dues_parks": "79018.47", "dues_storm_water": "221856.84"}}, {"model": "plats.platzone", "pk": 9, "fields": {"is_active": true, "plat": 11, "date_created": "2017-07-24", "date_modified": "2017-07-24", "created_by": 1, "modified_by": 1, "zone": "EAR-1", "acres": "1.00", "dues_roads": "2330.49", "dues_open_spaces": "1000.00", "dues_sewer_cap": "2081.59", "dues_sewer_trans": "4420.51", "dues_parks": "1463.31", "dues_storm_water": "6943.87"}}, {"model": "plats.platzone", "pk": 10, "fields": {"is_active": true, "plat": 12, "date_created": "2017-07-24", "date_modified": "2017-07-24", "created_by": 1, "modified_by": 1, "zone": "EAR-1", "acres": "8.00", "dues_roads": "60671.76", "dues_open_spaces": "8000.00", "dues_sewer_cap": "16652.72", "dues_sewer_trans": "16984.64", "dues_parks": "18940.88", "dues_storm_water": "28072.56"}}, {"model": "plats.platzone", "pk": 11, "fields": {"is_active": true, "plat": 13, "date_created": "2017-07-24", "date_modified": "2017-07-24", "created_by": 1, "modified_by": 1, "zone": "CC(RES)", "acres": "4.00", "dues_roads": "127410.64", "dues_open_spaces": "4000.00", "dues_sewer_cap": "35796.84", "dues_sewer_trans": "36510.24", "dues_parks": "56822.72", "dues_storm_water": "49828.84"}}, {"model": "plats.platzone", "pk": 12, "fields": {"is_active": true, "plat": 14, "date_created": "2017-07-24", "date_modified": "2017-07-24", "created_by": 1, "modified_by": 1, "zone": "EAR-2", "acres": "4.00", "dues_roads": "20974.36", "dues_open_spaces": "4000.00", "dues_sewer_cap": "16669.12", "dues_sewer_trans": "35398.92", "dues_parks": "13169.76", "dues_storm_water": "40274.48"}}, {"model": "plats.platzone", "pk": 13, "fields": {"is_active": true, "plat": 20, "date_created": "2017-07-24", "date_modified": "2017-07-24", "created_by": 1, "modified_by": 1, "zone": "EAR-1", "acres": "20.00", "dues_roads": "0.00", "dues_open_spaces": "20000.00", "dues_sewer_cap": "41631.80", "dues_sewer_trans": "158887.00", "dues_parks": "0.00", "dues_storm_water": "0.00"}}, {"model": "plats.platzone", "pk": 14, "fields": {"is_active": true, "plat": 19, "date_created": "2017-07-24", "date_modified": "2017-07-24", "created_by": 1, "modified_by": 1, "zone": "CC(RES)", "acres": "8.00", "dues_roads": "78304.32", "dues_open_spaces": "8000.00", "dues_sewer_cap": "71593.68", "dues_sewer_trans": "152037.84", "dues_parks": "70238.64", "dues_storm_water": "197206.08"}}, {"model": "plats.platzone", "pk": 15, "fields": {"is_active": true, "plat": 18, "date_created": "2017-07-24", "date_modified": "2017-07-24", "created_by": 1, "modified_by": 1, "zone": "EAR-3", "acres": "5.00", "dues_roads": "159263.30", "dues_open_spaces": "5000.00", "dues_sewer_cap": "44746.05", "dues_sewer_trans": "45637.80", "dues_parks": "71028.40", "dues_storm_water": "62286.05"}}, {"model": "plats.platzone", "pk": 16, "fields": {"is_active": true, "plat": 18, "date_created": "2017-07-24", "date_modified": "2017-07-24", "created_by": 1, "modified_by": 1, "zone": "EAR1-SRA", "acres": "7.00", "dues_roads": "15926.33", "dues_open_spaces": "7000.00", "dues_sewer_cap": "4371.36", "dues_sewer_trans": "4458.44", "dues_parks": "4971.96", "dues_storm_water": "4912.67"}}, {"model": "plats.platzone", "pk": 17, "fields": {"is_active": true, "plat": 18, "date_created": "2017-07-24", "date_modified": "2017-07-24", "created_by": 1, "modified_by": 1, "zone": "ED", "acres": "1.00", "dues_roads": "40295.37", "dues_open_spaces": "1000.00", "dues_sewer_cap": "13494.03", "dues_sewer_trans": "13762.96", "dues_parks": "0.00", "dues_storm_water": "12457.21"}}, {"model": "plats.platzone", "pk": 18, "fields": {"is_active": true, "plat": 18, "date_created": "2017-07-24", "date_modified": "2017-07-24", "created_by": 1, "modified_by": 1, "zone": "EAR-1", "acres": "1.00", "dues_roads": "7583.97", "dues_open_spaces": "1000.00", "dues_sewer_cap": "2081.59", "dues_sewer_trans": "2123.08", "dues_parks": "2367.61", "dues_storm_water": "3509.07"}}, {"model": "plats.platzone", "pk": 19, "fields": {"is_active": true, "plat": 18, "date_created": "2017-07-24", "date_modified": "2017-07-24", "created_by": 1, "modified_by": 1, "zone": "EAR-2", "acres": "1.00", "dues_roads": "17063.93", "dues_open_spaces": "1000.00", "dues_sewer_cap": "4167.28", "dues_sewer_trans": "4250.33", "dues_parks": "5327.13", "dues_storm_water": "5088.16"}}, {"model": "plats.platzone", "pk": 20, "fields": {"is_active": true, "plat": 18, "date_created": "2017-07-24", "date_modified": "2017-07-24", "created_by": 1, "modified_by": 1, "zone": "CC(RES)", "acres": "1.00", "dues_roads": "31852.66", "dues_open_spaces": "1000.00", "dues_sewer_cap": "8949.21", "dues_sewer_trans": "9127.56", "dues_parks": "14205.68", "dues_storm_water": "12457.21"}}, {"model": "plats.platzone", "pk": 21, "fields": {"is_active": true, "plat": 18, "date_created": "2017-07-24", "date_modified": "2017-07-24", "created_by": 1, "modified_by": 1, "zone": "CC(NONR)", "acres": "1.00", "dues_roads": "144531.45", "dues_open_spaces": "1000.00", "dues_sewer_cap": "11369.97", "dues_sewer_trans": "11596.57", "dues_parks": "0.00", "dues_storm_water": "12457.21"}}, {"model": "plats.platzone", "pk": 22, "fields": {"is_active": true, "plat": 18, "date_created": "2017-07-24", "date_modified": "2017-07-24", "created_by": 1, "modified_by": 1, "zone": "EAR-2", "acres": "1.00", "dues_roads": "17063.93", "dues_open_spaces": "1000.00", "dues_sewer_cap": "4167.28", "dues_sewer_trans": "4250.33", "dues_parks": "5327.13", "dues_storm_water": "5088.16"}}, {"model": "plats.platzone", "pk": 23, "fields": {"is_active": true, "plat": 18, "date_created": "2017-07-24", "date_modified": "2017-07-24", "created_by": 1, "modified_by": 1, "zone": "ED", "acres": "1.00", "dues_roads": "40295.37", "dues_open_spaces": "1000.00", "dues_sewer_cap": "13494.03", "dues_sewer_trans": "13762.96", "dues_parks": "0.00", "dues_storm_water": "12457.21"}}, {"model": "plats.platzone", "pk": 24, "fields": {"is_active": true, "plat": 21, "date_created": "2017-07-24", "date_modified": "2017-07-24", "created_by": 1, "modified_by": 1, "zone": "EAR1-SRA", "acres": "8.00", "dues_roads": "18201.52", "dues_open_spaces": "8000.00", "dues_sewer_cap": "4995.84", "dues_sewer_trans": "5095.36", "dues_parks": "5682.24", "dues_storm_water": "5614.48"}}, {"model": "plats.platzone", "pk": 25, "fields": {"is_active": true, "plat": 21, "date_created": "2017-07-24", "date_modified": "2017-07-24", "created_by": 1, "modified_by": 1, "zone": "CC(RES)", "acres": "4.00", "dues_roads": "127410.64", "dues_open_spaces": "4000.00", "dues_sewer_cap": "35796.84", "dues_sewer_trans": "36510.24", "dues_parks": "56822.72", "dues_storm_water": "49828.84"}}, {"model": "plats.platzone", "pk": 26, "fields": {"is_active": true, "plat": 22, "date_created": "2017-07-24", "date_modified": "2017-07-24", "created_by": 1, "modified_by": 1, "zone": "EAR-3", "acres": "12.00", "dues_roads": "0.00", "dues_open_spaces": "0.00", "dues_sewer_cap": "0.00", "dues_sewer_trans": "0.00", "dues_parks": "0.00", "dues_storm_water": "0.00"}}, {"model": "plats.platzone", "pk": 27, "fields": {"is_active": true, "plat": 23, "date_created": "2017-07-24", "date_modified": "2017-07-24", "created_by": 1, "modified_by": 1, "zone": "EAR1-SRA", "acres": "12.00", "dues_roads": "0.00", "dues_open_spaces": "0.00", "dues_sewer_cap": "0.00", "dues_sewer_trans": "0.00", "dues_parks": "0.00", "dues_storm_water": "0.00"}}, {"model": "plats.platzone", "pk": 28, "fields": {"is_active": true, "plat": 24, "date_created": "2017-07-24", "date_modified": "2017-07-24", "created_by": 1, "modified_by": 1, "zone": "CC(NONR)", "acres": "5.00", "dues_roads": "225298.60", "dues_open_spaces": "5000.00", "dues_sewer_cap": "56849.85", "dues_sewer_trans": "53256.30", "dues_parks": "0.00", "dues_storm_water": "0.00"}}, {"model": "admin.logentry", "pk": 1, "fields": {"action_time": "2017-07-21T12:58:11.584Z", "user": 1, "content_type": 28, "object_id": "2", "object_repr": "432 null Apian Way null null, undefined, undefined 40515", "action_flag": 2, "change_message": "[{\"changed\": {\"fields\": [\"dues_roads_own\"]}}]"}}, {"model": "admin.logentry", "pk": 2, "fields": {"action_time": "2017-07-21T14:49:58.630Z", "user": 1, "content_type": 4, "object_id": "1", "object_repr": "Lot Entry", "action_flag": 1, "change_message": "[{\"added\": {}}]"}}, {"model": "admin.logentry", "pk": 3, "fields": {"action_time": "2017-07-21T14:50:22.932Z", "user": 1, "content_type": 3, "object_id": "2", "object_repr": "bobplat", "action_flag": 1, "change_message": "[{\"added\": {}}]"}}, {"model": "admin.logentry", "pk": 4, "fields": {"action_time": "2017-07-21T14:50:58.619Z", "user": 1, "content_type": 3, "object_id": "2", "object_repr": "bobplat", "action_flag": 2, "change_message": "[{\"changed\": {\"fields\": [\"first_name\", \"last_name\", \"email\"]}}]"}}, {"model": "admin.logentry", "pk": 5, "fields": {"action_time": "2017-07-21T14:51:39.032Z", "user": 1, "content_type": 3, "object_id": "3", "object_repr": "noplat", "action_flag": 1, "change_message": "[{\"added\": {}}]"}}, {"model": "admin.logentry", "pk": 6, "fields": {"action_time": "2017-07-21T14:51:57.770Z", "user": 1, "content_type": 3, "object_id": "3", "object_repr": "noplat", "action_flag": 2, "change_message": "[{\"changed\": {\"fields\": [\"first_name\", \"last_name\", \"email\"]}}]"}}, {"model": "admin.logentry", "pk": 7, "fields": {"action_time": "2017-07-25T15:27:58.245Z", "user": 1, "content_type": 4, "object_id": "2", "object_repr": "Finance", "action_flag": 1, "change_message": "[{\"added\": {}}]"}}, {"model": "admin.logentry", "pk": 8, "fields": {"action_time": "2017-07-25T15:28:18.285Z", "user": 1, "content_type": 4, "object_id": "1", "object_repr": "Lot Entry", "action_flag": 3, "change_message": ""}}, {"model": "admin.logentry", "pk": 9, "fields": {"action_time": "2017-07-25T15:29:46.448Z", "user": 1, "content_type": 4, "object_id": "3", "object_repr": "Planning", "action_flag": 1, "change_message": "[{\"added\": {}}]"}}, {"model": "admin.logentry", "pk": 10, "fields": {"action_time": "2017-07-25T15:30:38.038Z", "user": 1, "content_type": 4, "object_id": "4", "object_repr": "Building Inspection", "action_flag": 1, "change_message": "[{\"added\": {}}]"}}]